metric;threshold;numberOfTextPostsWithThisMetric;runtimeTextTotal;truePositivesText;trueNegativesText;falsePositivesText;falseNegativesText;numberOfCodePostsWithThisMetric;runtimeCodeTotal;truePositivesCode;trueNegativesCode;falsePositivesCode;falseNegativesCode
threeShingleOverlap;0.9;527;211666372;3094;10000;41;546;615;287027585;3147;10154;27;475
twoGramOverlapNormalizedPadding;0.6;697;439422393;5648;18650;168;114;699;533417823;4345;13491;97;85
damerauLevenshteinNormalized;0.3;699;11755147348;5572;18711;110;193;699;18565848448;4341;13515;73;89
longestCommonSubsequence;0.7;699;5179119209;5144;18782;39;621;699;11675367380;4215;13555;33;215
fourGramJaccardNormalizedPadding;0.8;665;541730208;4541;17423;18;904;699;643497852;4059;13565;23;371
twoGramJaccard;0.7;699;348548517;5273;18773;48;492;699;449626052;4261;13550;38;169
cosineFourGramNormalizedNormalizedTermFrequency;0.9;665;823925973;4560;17425;16;885;699;873303233;4082;13564;24;348
winnowingThreeGramOptimalAlignment;0.6;686;1025452541;5138;18259;39;514;699;3715731943;4233;13552;36;197
winnowingFourGramLongestCommonSubsequence;0.3;674;512851919;5345;17841;80;211;699;2251893533;4343;13523;65;87
fiveGramOverlap;0.7;665;385817413;5264;17362;131;189;699;514792373;4317;13514;74;113
fiveGramOverlapNormalizedPadding;0.3;658;495885391;5296;16967;132;84;697;623393552;4341;13469;93;81
manhattanTwoShingleNormalized;0.6;616;556096917;4456;14437;54;295;692;669946219;4236;13447;46;150
manhattanThreeGramNormalized;0.4;679;773831648;5439;17937;97;156;699;817092957;4350;13527;61;80
winnowingFiveGramOverlapNormalized;0.7;658;325802281;5153;16979;120;227;697;455024904;4289;13489;73;133
fourGramDiceNormalized;0.5;665;474811662;5238;17370;71;207;699;587930373;4336;13530;58;94
winnowingThreeGramJaccard;0.3;686;239476100;5471;18202;96;181;699;367503072;4358;13523;65;72
manhattanTwoGramNormalized;0.4;697;623331468;5597;18697;121;165;699;683871631;4354;13517;71;76
twoGramOverlapNormalizedPadding;0.3;697;444893782;5649;18619;199;113;699;540728357;4333;13467;121;97
winnowingFiveGramOverlap;0.6;665;204286854;5280;17361;132;173;699;355518386;4321;13510;78;109
winnowingThreeGramJaccardNormalized;0.4;679;363900653;5324;17964;70;271;699;481468303;4327;13535;53;103
cosineTwoShingleNormalizedTermFrequency;0.7;616;566818068;4391;14440;51;360;692;678167079;4202;13451;42;184
fourGramOverlapNormalized;0.4;665;474210233;5327;17290;151;118;699;633761285;4318;13478;110;112
threeGramJaccard;0.9;686;418044540;4504;18282;16;1148;699;510467463;3944;13570;18;486
cosineTwoShingleNormalizedBool;0.7;616;564894583;4380;14443;48;371;692;673553501;4189;13446;47;197
cosineFiveGramNormalizedBool;0.7;658;838627903;4973;17052;47;407;697;915868443;4260;13517;45;162
twoShingleDiceNormalized;0.3;616;484605945;4632;14409;82;119;692;605261988;4308;13429;64;78
fourGramOverlap;0.8;674;382308484;5324;17784;137;232;699;500291015;4299;13518;70;131
winnowingFourGramDiceNormalized;0.4;665;329544194;5267;17352;89;178;699;457971822;4340;13528;60;90
threeGramJaccardNormalized;0.7;679;523513511;4978;18003;31;617;699;612971688;4198;13552;36;232
winnowingThreeGramOverlap;0.9;686;225777954;5298;18156;142;354;699;356541656;4233;13522;66;197
manhattanFiveGramNormalized;0.8;658;823792468;4727;17077;22;653;697;897566141;4173;13530;32;249
tokenDiceNormalized;0.7;670;495895344;5139;17708;50;384;699;578790550;4284;13541;47;146
longestCommonSubsequenceNormalized;0.6;699;5287982115;5327;18764;57;438;699;8290037864;4283;13544;44;147
levenshteinNormalized;0.8;699;2870999300;4915;18796;25;850;699;6088651456;4117;13563;25;313
winnowingThreeGramOptimalAlignment;0.8;686;1025328595;4759;18278;20;893;699;3693539501;4065;13567;21;365
fiveGramOverlapNormalizedPadding;0.9;658;489550782;4943;17018;81;437;697;611877365;4175;13514;48;247
twoGramOverlapNormalizedPadding;0.7;697;438929720;5635;18660;158;127;699;536985300;4345;13499;89;85
winnowingTwoGramJaccard;0.8;699;249670144;5005;18795;26;760;699;366344800;4159;13560;28;271
tokenOverlap;0.7;699;124908116;5517;18692;129;248;699;163240572;4270;13528;60;160
winnowingFourGramLongestCommonSubsequenceNormalized;0.3;665;587091616;5230;17365;76;215;699;1389712380;4332;13533;55;98
cosineThreeGramNormalizedNormalizedTermFrequency;0.3;679;791802449;5520;17908;126;75;699;819499636;4359;13502;86;71
cosineThreeGramNormalizedBool;0.6;679;785213119;5366;17957;77;229;699;818562431;4334;13530;58;96
winnowingThreeGramOptimalAlignmentNormalized;0.4;679;958470670;5315;17971;63;280;699;2504166272;4304;13536;52;126
fourGramJaccard;0.5;674;442901888;5200;17862;59;356;699;555711845;4302;13541;47;128
winnowingFourGramJaccard;0.3;674;227362675;5357;17839;82;199;699;369103455;4355;13523;65;75
cosineTokenNormalizedNormalizedTermFrequency;0.8;699;332256582;5244;18774;47;521;699;325989369;4181;13557;31;249
fourGramDice;0.4;674;380200966;5400;17824;97;156;699;496689427;4356;13519;69;74
cosineTwoGramNormalizedBool;0.8;697;628527662;5344;18762;56;418;699;677751703;4277;13544;44;153
twoShingleOverlapNormalized;0.6;616;489306568;4614;14378;113;137;692;609225748;4261;13416;77;125
twoGramOverlapNormalizedPadding;0.8;697;436965117;5610;18678;140;152;699;535829252;4341;13514;74;89
winnowingFourGramOverlap;0.9;674;212566755;5186;17798;123;370;699;349493322;4209;13527;61;221
fiveGramJaccardNormalized;0.6;658;558817323;4861;17064;35;519;697;649440587;4216;13524;38;206
cosineFourGramNormalizedNormalizedTermFrequency;0.7;665;827633542;5086;17383;58;359;699;876594128;4293;13540;48;137
cosineTwoShingleNormalizedNormalizedTermFrequency;0.4;616;569493565;4625;14411;80;126;692;679555870;4303;13433;60;83
twoShingleJaccardNormalized;0.8;616;496972788;3913;14478;13;838;692;617443449;3968;13474;19;418
twoShingleDice;0.9;596;225932320;3551;13652;10;981;651;273023096;3380;11397;12;553
winnowingFiveGramOptimalAlignment;0.8;665;510841985;4536;17474;19;917;699;2764041794;4041;13567;21;389
winnowingThreeGramDice;0.7;686;226004145;5264;18239;59;388;699;354140051;4302;13544;44;128
fiveGramJaccardNormalizedPadding;0.6;658;549466394;4843;17065;34;537;697;662918853;4209;13525;37;213
cosineThreeGramNormalizedTermFrequency;0.8;679;784441565;5155;17987;47;440;699;819383088;4269;13539;49;161
winnowingTwoGramDiceNormalized;0.3;697;363811389;5638;18669;149;124;699;477190876;4357;13499;89;73
cosineTwoGramNormalizedTermFrequency;0.9;697;628772209;5238;18769;49;524;699;696923676;4237;13544;44;193
damerauLevenshtein;0.3;699;11831286576;5576;18719;102;189;699;21503469038;4341;13516;72;89
winnowingThreeGramOptimalAlignmentNormalized;0.8;679;955271943;4687;18016;18;908;699;2502446533;4062;13568;20;368
levenshteinNormalized;0.7;699;2865930457;5128;18786;35;637;699;6099236777;4205;13554;34;225
twoGramDiceNormalizedPadding;0.3;697;442136723;5634;18656;162;128;699;533757377;4347;13489;99;83
levenshtein;0.7;699;2806481329;5119;18787;34;646;699;7998853695;4191;13557;31;239
fiveGramJaccardNormalized;0.8;658;531395542;4458;17085;14;922;697;648427016;4033;13539;23;389
fiveGramOverlapNormalized;0.6;658;477294092;5221;16964;135;159;697;602273286;4299;13472;90;123
threeShingleJaccardNormalized;0.8;539;441554909;3046;10753;7;799;667;598032017;3503;11118;15;454
winnowingTwoGramJaccard;0.6;699;253057005;5382;18757;64;383;699;367757360;4307;13540;48;123
fourGramOverlapNormalizedPadding;0.8;665;484563070;5215;17334;107;230;699;600922481;4304;13529;59;126
twoShingleDiceNormalized;0.4;616;483179241;4597;14411;80;154;692;604952297;4297;13437;56;89
threeShingleJaccard;0.5;528;220367754;3249;10015;26;391;615;319806058;3324;10159;22;298
threeGramJaccard;0.7;686;419847227;5053;18265;33;599;699;512277858;4213;13553;35;217
threeGramOverlapNormalizedPadding;0.9;679;481000086;5280;17938;96;315;699;581139783;4255;13535;53;175
cosineFourGramNormalizedTermFrequency;0.3;665;819716370;5342;17328;113;103;699;884729712;4355;13504;84;75
threeGramDiceNormalized;0.3;679;471434340;5491;17922;112;104;699;573141910;4361;13510;78;69
cosineFourGramNormalizedNormalizedTermFrequency;0.5;665;821736190;5279;17352;89;166;699;880052224;4350;13525;63;80
cosineThreeShingleNormalizedTermFrequency;0.3;538;507923803;3757;10691;69;88;667;666116355;3879;11082;51;78
manhattanTokenNormalized;0.9;699;323812342;4784;18802;19;981;699;324746964;3973;13572;16;457
threeShingleJaccardNormalized;0.5;538;447750841;3507;10725;35;338;667;601273575;3748;11100;33;209
winnowingThreeGramLongestCommonSubsequenceNormalized;0.8;679;751948376;4706;18014;20;889;699;2020890204;4080;13568;20;350
cosineFiveGramNormalizedNormalizedTermFrequency;0.7;658;850492582;4990;17048;51;390;697;927535726;4271;13513;49;151
cosineThreeShingleNormalizedBool;0.3;538;508065601;3760;10689;71;85;667;661171690;3880;11082;51;77
twoShingleOverlap;0.8;596;229892710;4190;13587;75;342;651;275658055;3640;11369;40;293
tokenOverlap;0.4;699;126784508;5623;18675;146;142;699;163678148;4339;13506;82;91
fourGramJaccardNormalizedPadding;0.9;665;537809420;4232;17430;11;1213;699;647566860;3894;13574;14;536
threeGramOverlapNormalizedPadding;0.5;679;486632496;5501;17899;135;94;699;583366685;4349;13499;89;81
winnowingTwoGramOverlapNormalized;0.5;697;372405499;5572;18603;215;190;699;475451501;4309;13469;119;121
winnowingFiveGramLongestCommonSubsequence;0.6;665;398908270;4949;17457;36;504;699;1725882968;4231;13554;34;199
fiveGramJaccard;0.9;665;450473912;4233;17481;12;1220;699;569048922;3880;13573;15;550
winnowingFiveGramLongestCommonSubsequence;0.4;665;398840394;5167;17430;63;286;699;1717428337;4314;13534;54;116
winnowingThreeGramJaccard;0.9;686;236441417;4474;18284;14;1178;699;365895242;3938;13572;16;492
levenshteinNormalized;0.3;699;2886038576;5573;18713;108;192;699;6114599225;4341;13515;73;89
threeGramOverlap;0.3;686;371013536;5523;18109;189;129;699;471773828;4328;13475;113;102
winnowingTwoGramDiceNormalized;0.8;697;359699917;5276;18769;49;486;699;471415632;4260;13550;38;170
cosineTwoShingleNormalizedNormalizedTermFrequency;0.3;616;564143302;4656;14401;90;95;692;672521409;4315;13425;68;71
cosineTokenNormalizedNormalizedTermFrequency;0.4;699;334625119;5640;18704;117;125;699;328872200;4357;13526;62;73
winnowingFourGramOverlap;0.6;674;215112436;5385;17772;149;171;699;350512185;4332;13507;81;98
winnowingFiveGramOverlapNormalized;0.4;658;329124788;5243;16966;133;137;697;456460552;4322;13473;89;100
twoShingleDiceNormalized;0.5;616;482619768;4547;14420;71;204;692;609064762;4274;13443;50;112
tokenJaccardNormalized;0.6;670;565601904;5060;17719;39;463;699;634091158;4250;13547;41;180
threeGramOverlap;0.4;686;372755693;5517;18115;183;135;699;471304650;4334;13483;105;96
winnowingTwoGramDice;0.4;699;240953700;5626;18689;132;139;699;355325996;4364;13508;80;66
winnowingTwoGramOverlap;0.6;699;241541154;5569;18608;213;196;699;358536059;4321;13478;110;109
threeShingleDiceNormalized;0.9;538;433891229;3010;10754;6;835;667;584675016;3478;11120;13;479
levenshteinNormalized;0.4;699;2880826979;5518;18745;76;247;699;6075753110;4329;13527;61;101
fourGramDiceNormalized;0.6;665;468387923;5156;17379;62;289;699;587282571;4318;13538;50;112
cosineTwoShingleNormalizedNormalizedTermFrequency;0.5;616;564162399;4572;14412;79;179;692;682678785;4284;13439;54;102
tokenDiceNormalized;0.9;670;496557962;4624;17741;17;899;699;575799390;4055;13566;22;375
threeGramOverlap;0.7;686;378934933;5491;18148;150;161;699;467642679;4329;13506;82;101
fourGramDiceNormalizedPadding;0.4;665;485352276;5291;17347;94;154;699;607853959;4356;13524;64;74
fourGramOverlap;0.9;674;383324840;5198;17795;126;358;699;494792169;4206;13524;64;224
winnowingFiveGramLongestCommonSubsequenceNormalized;0.6;658;482764378;4854;17065;34;526;697;1264380730;4224;13522;40;198
levenshtein;0.5;699;2816688237;5420;18754;67;345;699;7982639620;4305;13544;44;125
winnowingFiveGramOverlapNormalized;0.9;658;323893622;4954;16990;109;426;697;454303168;4149;13496;66;273
winnowingFiveGramOptimalAlignment;0.7;665;514391406;4749;17467;26;704;699;3045792180;4146;13561;27;284
winnowingThreeGramLongestCommonSubsequenceNormalized;0.4;679;760008194;5323;17966;68;272;699;2029742736;4317;13534;54;113
cosineThreeGramNormalizedTermFrequency;0.7;679;785123867;5293;17960;74;302;699;817265275;4320;13533;55;110
twoGramDiceNormalized;0.7;697;427280342;5474;18745;73;288;699;529701461;4326;13536;52;104
threeGramDiceNormalized;0.4;679;471987044;5462;17932;102;133;699;571343541;4355;13517;71;75
cosineTokenNormalizedBool;0.3;699;337814225;5659;18695;126;106;699;329155345;4366;13521;67;64
twoShingleOverlap;0.4;596;230627158;4418;13573;89;114;651;276904045;3823;11351;58;110
twoGramOverlap;0.7;699;320170161;5590;18627;194;175;699;423652789;4329;13490;98;101
twoGramDiceNormalized;0.8;697;429207284;5321;18768;50;441;699;532322556;4270;13545;43;160
twoGramDiceNormalized;0.5;697;431994772;5614;18701;117;148;699;553526905;4347;13510;78;83
winnowingFiveGramDice;0.4;665;207185953;5271;17403;90;182;699;351708869;4357;13522;66;73
threeGramDice;0.6;686;364402547;5409;18226;72;243;699;489235241;4339;13536;52;91
manhattanThreeGramNormalized;0.9;679;767126483;4640;18018;16;955;699;799206250;4050;13567;21;380
fourGramJaccardNormalized;0.9;665;523649291;4265;17430;11;1180;699;649000319;3902;13572;16;528
cosineThreeGramNormalizedNormalizedTermFrequency;0.7;679;797227592;5288;17972;62;307;699;822151918;4317;13536;52;113
threeGramOverlapNormalizedPadding;0.4;679;487228730;5506;17888;146;89;699;581562968;4352;13495;93;78
winnowingFourGramDiceNormalized;0.7;665;333258188;4984;17398;43;461;699;465975074;4256;13544;44;174
threeGramOverlapNormalizedPadding;0.6;679;483389307;5488;17908;126;107;699;579013708;4353;13514;74;77
cosineTokenNormalizedTermFrequency;0.3;699;338853559;5644;18681;140;121;699;329286234;4359;13514;74;71
winnowingTwoGramJaccardNormalized;0.8;697;376276568;4986;18794;24;776;699;484777854;4131;13559;29;299
winnowingFourGramOptimalAlignment;0.5;674;693395934;5167;17867;54;389;699;3070911006;4272;13546;42;158
threeGramOverlapNormalizedPadding;0.8;679;482605954;5406;17916;118;189;699;577136527;4320;13527;61;110
winnowingThreeGramLongestCommonSubsequenceNormalized;0.9;679;753610809;4443;18018;16;1152;699;2015811172;3935;13571;17;495
fiveGramDice;0.6;665;385876513;5148;17433;60;305;699;513166258;4317;13539;49;113
threeShingleJaccard;0.8;527;219827190;2795;10035;6;845;615;297126414;3064;10171;10;558
fiveGramJaccardNormalized;0.5;658;531293126;4990;17050;49;390;697;648893139;4273;13518;44;149
threeGramDice;0.8;686;363124014;5130;18262;36;522;699;463744004;4233;13550;38;197
optimalAlignmentNormalized;0.6;699;8906833518;5309;18769;52;456;699;10966725715;4265;13547;41;165
fiveGramDiceNormalizedPadding;0.7;658;487510129;4923;17060;39;457;697;612262457;4250;13523;39;172
winnowingTwoGramOverlapNormalized;0.7;697;365301567;5552;18629;189;210;699;492568341;4312;13489;99;118
twoGramOverlapNormalized;0.9;697;431470680;5493;18653;165;269;699;524010694;4279;13509;79;151
cosineTwoShingleNormalizedTermFrequency;0.4;617;563497618;4621;14408;83;130;692;675393117;4299;13434;59;87
tokenDice;0.6;699;123999603;5438;18750;71;327;699;160314436;4257;13546;42;173
winnowingThreeGramJaccardNormalized;0.7;679;361140768;4928;18007;27;667;699;480248084;4182;13555;33;248
damerauLevenshtein;0.9;699;11434613419;4651;18801;20;1114;699;21048723747;3942;13571;17;488
cosineTwoShingleNormalizedTermFrequency;0.3;616;563012390;4652;14402;89;99;692;673756357;4312;13424;69;74
winnowingThreeGramOptimalAlignment;0.9;686;1024348433;4479;18283;15;1173;699;3683776181;3906;13573;15;524
winnowingTwoGramJaccard;0.3;699;253397997;5612;18700;121;153;699;370103419;4364;13515;73;66
winnowingTwoGramOptimalAlignmentNormalized;0.8;697;1663928084;4865;18794;24;897;699;3508133264;4084;13566;22;346
winnowingFiveGramLongestCommonSubsequence;0.9;665;394841783;4290;17478;15;1163;699;1712147007;3903;13574;14;527
twoShingleJaccard;0.6;596;239219556;3979;13634;28;553;651;285984859;3602;11388;21;331
threeShingleDiceNormalized;0.5;538;433067650;3647;10704;56;198;667;587822324;3827;11093;40;130
twoShingleDice;0.6;596;227896415;4188;13616;46;344;651;275020378;3715;11375;34;218
winnowingThreeGramDiceNormalized;0.5;679;347591449;5380;17959;75;215;699;472210396;4340;13530;58;90
twoGramOverlapNormalized;0.4;697;434257600;5586;18588;230;176;699;555967011;4315;13460;128;115
winnowingTwoGramDiceNormalized;0.9;697;385176679;4924;18797;21;838;699;470124621;4117;13562;26;313
cosineThreeGramNormalizedNormalizedTermFrequency;0.8;679;794349328;5127;17994;40;468;699;815396212;4260;13547;41;170
fiveGramOverlap;0.9;665;386896455;5074;17378;115;379;699;508126938;4175;13526;62;255
fourGramDiceNormalizedPadding;0.7;665;482248365;5019;17394;47;426;699;599400568;4275;13546;42;155
manhattanThreeShingleNormalized;0.5;538;502138025;3644;10708;52;201;667;654447170;3826;11093;40;131
twoGramJaccardNormalized;0.3;697;469582284;5624;18693;125;138;699;563174941;4349;13506;82;81
manhattanThreeGramNormalized;0.7;679;766512572;5173;17987;47;422;699;803953792;4275;13546;42;155
winnowingFourGramJaccard;0.7;674;222969159;4880;17897;24;676;699;360774781;4176;13555;33;254
fourGramDiceNormalizedPadding;0.5;665;482148957;5235;17368;73;210;699;598162376;4336;13530;58;94
manhattanTwoShingleNormalized;0.5;616;558634727;4538;14422;69;213;692;687274714;4270;13443;50;116
twoShingleDiceNormalized;0.6;616;479996742;4466;14435;56;285;692;615965031;4238;13446;47;148
winnowingTwoGramLongestCommonSubsequenceNormalized;0.9;697;1166589328;4621;18799;19;1141;699;3017021157;3959;13570;18;471
twoGramDiceNormalizedPadding;0.4;697;442246546;5628;18680;138;134;699;532785497;4356;13503;85;74
tokenDiceNormalized;0.6;670;498398754;5251;17693;65;272;699;581766720;4318;13535;53;112
twoShingleOverlapNormalized;0.3;616;485640892;4650;14370;121;101;692;610205547;4285;13399;94;101
fourGramDice;0.6;674;379686355;5272;17857;64;284;699;495564310;4326;13538;50;104
winnowingFourGramJaccard;0.9;674;220734721;4344;17906;15;1212;699;356222828;3907;13573;15;523
cosineThreeShingleNormalizedNormalizedTermFrequency;0.3;538;506476063;3759;10689;71;86;667;658398763;3881;11082;51;76
winnowingTwoGramOptimalAlignmentNormalized;0.4;697;1671730526;5480;18747;71;282;699;3496269576;4316;13536;52;114
fourGramJaccardNormalized;0.6;665;524996387;4951;17404;37;494;699;631488634;4239;13549;39;191
cosineTokenNormalizedNormalizedTermFrequency;0.7;699;329405271;5429;18748;73;336;699;325449142;4266;13542;46;164
winnowingFourGramOptimalAlignmentNormalized;0.9;665;728777709;4261;17428;13;1184;699;1843643168;3914;13571;17;516
manhattanThreeShingleNormalized;0.9;538;497632769;3010;10754;6;835;667;654020896;3474;11118;15;483
fourGramJaccardNormalizedPadding;0.7;665;542004391;4767;17419;22;678;699;647591770;4173;13555;33;257
winnowingFourGramDiceNormalized;0.9;665;328833487;4457;17425;16;988;699;458649177;4017;13566;22;413
twoGramOverlapNormalizedPadding;0.9;697;437059256;5524;18699;119;238;699;536628273;4298;13524;64;132
winnowingFourGramOverlap;0.3;674;220000212;5416;17744;177;140;699;350994660;4332;13482;106;98
cosineThreeShingleNormalizedBool;0.8;538;508406539;3334;10742;18;511;667;656137225;3642;11110;23;315
twoGramDiceNormalizedPadding;0.8;697;432296510;5308;18768;50;454;699;533709856;4269;13546;42;161
damerauLevenshtein;0.4;699;11760863039;5520;18746;75;245;699;20951606953;4335;13531;57;95
winnowingThreeGramLongestCommonSubsequence;0.9;686;756579943;4499;18283;15;1153;699;3007359018;3923;13573;15;507
twoShingleOverlap;0.3;596;232822916;4435;13570;92;97;651;279906977;3839;11348;61;94
cosineFiveGramNormalizedBool;0.6;658;842234603;5097;17035;64;283;697;920103093;4307;13511;51;115
fourGramOverlap;0.7;674;381491019;5373;17781;140;183;699;495046650;4329;13513;75;101
winnowingThreeGramDice;0.9;686;222121511;4740;18278;20;912;699;347600773;4073;13566;22;357
longestCommonSubsequenceNormalized;0.5;699;5282591030;5433;18749;72;332;699;8303567742;4319;13535;53;111
threeGramJaccardNormalized;0.8;679;519033790;4765;18014;20;830;699;607205971;4104;13562;26;326
winnowingFiveGramDiceNormalized;0.7;658;325247690;4902;17061;38;478;697;460988606;4235;13519;43;187
tokenJaccardNormalized;0.3;670;561165018;5347;17669;89;176;699;632661260;4342;13526;62;88
twoShingleOverlapNormalized;0.5;616;486111690;4634;14379;112;117;692;607141312;4277;13410;83;109
fiveGramJaccardNormalized;0.4;658;530656766;5089;17038;61;291;697;652278214;4305;13512;50;117
optimalAlignmentNormalized;0.3;699;8614066685;5573;18713;108;192;699;10939134749;4341;13515;73;89
winnowingFiveGramOptimalAlignment;0.6;665;516483975;4923;17457;36;530;699;3053018851;4217;13557;31;213
tokenOverlapNormalized;0.9;670;500084691;5185;17632;126;338;699;578411616;4208;13518;70;222
threeShingleDiceNormalized;0.4;538;438553494;3699;10697;63;146;667;594979419;3853;11088;45;104
twoGramJaccardNormalized;0.8;697;460865224;5044;18791;27;718;699;547247515;4169;13556;32;261
longestCommonSubsequence;0.4;699;5166854116;5529;18727;94;236;699;11686611723;4334;13524;64;96
cosineTokenNormalizedBool;0.9;699;329927130;4835;18801;20;930;699;325494351;3989;13572;16;441
twoShingleJaccardNormalized;0.4;616;496688386;4494;14431;60;257;692;618642410;4247;13445;48;139
threeShingleDice;0.3;527;215535463;3495;9975;66;145;615;290306468;3478;10146;35;144
tokenOverlapNormalized;0.8;670;501892414;5303;17621;137;220;699;582705679;4288;13511;77;142
winnowingFiveGramDice;0.7;665;202200176;5013;17448;45;440;699;354370211;4267;13546;42;163
cosineThreeShingleNormalizedBool;0.9;538;503019884;3017;10754;6;828;667;655315802;3481;11120;13;476
tokenDiceNormalized;0.5;670;499627537;5328;17677;81;195;699;581997714;4337;13526;62;93
fiveGramJaccardNormalizedPadding;0.5;658;552767333;4979;17050;49;401;697;668580240;4269;13518;44;153
cosineFiveGramNormalizedTermFrequency;0.7;658;839624182;4994;17043;56;386;697;919431802;4279;13511;51;143
manhattanTwoGramNormalized;0.9;697;618366310;4826;18799;19;936;699;671984759;4083;13567;21;347
tokenJaccard;0.6;699;133275728;5219;18775;46;546;699;167325802;4157;13557;31;273
winnowingFourGramOptimalAlignment;0.9;674;683649394;4367;17906;15;1189;699;3070856938;3905;13572;16;525
threeGramDiceNormalized;0.8;679;468875066;5049;18000;34;546;699;571650547;4219;13551;37;211
cosineFourGramNormalizedTermFrequency;0.4;665;826622405;5308;17336;105;137;699;892780611;4354;13511;77;76
optimalAlignmentNormalized;0.8;699;8908941768;4915;18796;25;850;699;10953667366;4118;13563;25;312
fourGramOverlap;0.3;674;385251036;5428;17746;175;128;699;498308923;4334;13481;107;96
damerauLevenshtein;0.5;699;11917860008;5421;18754;67;344;699;21044331690;4305;13544;44;125
manhattanTokenNormalized;0.6;699;326858300;5448;18754;67;317;699;323875093;4289;13545;43;141
fourGramOverlapNormalizedPadding;0.9;665;482712705;5060;17351;90;385;699;604904693;4214;13537;51;216
cosineFourGramNormalizedTermFrequency;0.5;665;825185961;5266;17352;89;179;699;880107687;4350;13524;64;80
winnowingFourGramDice;0.5;674;213497576;5339;17840;81;217;699;348415519;4352;13530;58;78
cosineFourGramNormalizedBool;0.8;665;814474513;4874;17410;31;571;699;875375778;4205;13551;37;225
winnowingFourGramDiceNormalized;0.5;665;328577200;5201;17372;69;244;699;463266525;4327;13534;54;103
threeGramDiceNormalized;0.5;679;468640804;5405;17949;85;190;699;573127697;4340;13525;63;90
cosineFiveGramNormalizedBool;0.9;658;838640302;4423;17085;14;957;697;914469653;4012;13540;22;410
winnowingFourGramOptimalAlignmentNormalized;0.5;665;734269976;5053;17392;49;392;699;1842144893;4274;13547;41;156
winnowingThreeGramJaccard;0.8;686;256232660;4781;18277;21;871;699;362597243;4100;13564;24;330
twoShingleDiceNormalized;0.9;616;482604866;3855;14480;11;896;692;606482594;3941;13475;18;445
winnowingThreeGramDiceNormalized;0.9;679;345353597;4649;18016;18;946;699;465513346;4044;13566;22;386
winnowingFiveGramJaccard;0.9;665;209426669;4237;17478;15;1216;699;358154579;3880;13574;14;550
winnowingFourGramOptimalAlignment;0.3;674;683967484;5341;17850;71;215;699;3096948428;4344;13530;58;86
threeGramJaccardNormalizedPadding;0.5;679;536770730;5266;17972;62;329;699;620349205;4307;13538;50;123
tokenOverlapNormalized;0.7;670;499734463;5349;17615;143;174;699;587099869;4312;13504;84;118
winnowingThreeGramOverlap;0.4;686;230349763;5484;18105;193;168;699;371781146;4341;13487;101;89
cosineFiveGramNormalizedTermFrequency;0.8;658;844676479;4825;17070;29;555;697;921461667;4226;13521;41;196
twoShingleJaccard;0.9;596;237451199;3294;13655;7;1238;651;280122871;3250;11398;11;683
fiveGramDiceNormalized;0.4;658;475021687;5210;17008;91;170;697;603157881;4340;13499;63;82
threeShingleOverlapNormalized;0.7;538;436334975;3682;10679;81;163;667;591816617;3770;11074;59;187
fourGramDice;0.5;674;382506693;5352;17841;80;204;699;500205680;4345;13527;61;85
damerauLevenshtein;0.7;699;11789185777;5119;18787;34;646;699;21131603246;4191;13557;31;239
winnowingFiveGramOptimalAlignmentNormalized;0.4;658;576740423;5069;17041;58;311;697;1482422093;4287;13512;50;135
winnowingThreeGramJaccardNormalized;0.8;679;361339759;4698;18014;20;897;699;479814839;4069;13562;26;361
twoGramJaccard;0.3;699;354616874;5621;18685;136;144;699;450731989;4359;13508;80;71
manhattanTwoShingleNormalized;0.3;616;557843279;4627;14411;80;124;692;672425497;4309;13433;60;77
winnowingThreeGramDiceNormalized;0.6;679;345238258;5305;17966;68;290;699;468222111;4316;13536;52;114
cosineFiveGramNormalizedNormalizedTermFrequency;0.5;658;848752566;5196;17015;84;184;697;922033859;4340;13503;59;82
threeGramOverlapNormalizedPadding;0.7;679;481576703;5464;17915;119;131;699;580385110;4344;13519;69;86
winnowingThreeGramJaccard;0.4;686;240934552;5403;18224;74;249;699;365938000;4344;13531;57;86
optimalAlignment;0.7;699;8842566087;5119;18787;34;646;699;15924086240;4191;13557;31;239
winnowingFiveGramOptimalAlignmentNormalized;0.5;658;577956332;4977;17050;49;403;697;1483425028;4265;13519;43;157
fiveGramOverlapNormalized;0.5;658;475185721;5248;16959;140;132;697;603190359;4309;13466;96;113
threeShingleJaccard;0.7;527;217726647;2977;10030;11;663;615;297866346;3156;10166;15;466
winnowingFiveGramJaccard;0.8;665;212277482;4538;17475;18;915;699;359807009;4050;13565;23;380
twoShingleJaccard;0.5;596;240100398;4123;13625;37;409;651;283762744;3672;11378;31;261
winnowingTwoGramOptimalAlignmentNormalized;0.6;697;1665107354;5261;18774;44;501;699;3505663104;4253;13554;34;177
winnowingTwoGramOverlap;0.4;699;244555107;5573;18593;228;192;699;357379689;4312;13462;126;118
winnowingTwoGramOverlapNormalized;0.4;697;371080006;5571;18590;228;191;699;477579887;4302;13457;131;128
winnowingFiveGramDiceNormalized;0.5;658;325235481;5113;17031;68;267;697;455602009;4316;13507;55;106
winnowingFourGramLongestCommonSubsequence;0.6;674;511278084;5063;17879;42;493;699;2252323477;4249;13552;36;181
winnowingFourGramLongestCommonSubsequence;0.7;674;513416427;4880;17893;28;676;699;2267678636;4174;13561;27;256
winnowingTwoGramOptimalAlignmentNormalized;0.7;697;1665918153;5077;18786;32;685;699;3505032801;4190;13557;31;240
threeShingleOverlapNormalized;0.8;538;441424427;3624;10680;80;221;667;587874358;3720;11076;57;237
winnowingThreeGramOptimalAlignment;0.3;686;1029628587;5435;18224;74;217;699;3686034554;4342;13531;57;88
twoShingleDice;0.8;596;227811917;3883;13639;23;649;651;271584994;3549;11387;22;384
winnowingTwoGramJaccard;0.5;699;251761920;5492;18748;73;273;699;371805223;4339;13532;56;91
manhattanTokenNormalized;0.3;699;328890795;5623;18705;116;142;699;328386288;4359;13527;61;71
tokenDice;0.4;699;123946538;5582;18719;102;183;699;161850113;4318;13529;59;112
twoGramOverlapNormalizedPadding;0.5;697;446597074;5650;18634;184;112;699;537882936;4341;13486;102;89
damerauLevenshteinNormalized;0.5;699;11794390004;5422;18753;68;343;699;17713398729;4301;13536;52;129
winnowingTwoGramOverlapNormalized;0.9;697;364327784;5436;18644;174;326;699;475633586;4253;13509;79;177
winnowingTwoGramLongestCommonSubsequenceNormalized;0.8;697;1168372553;4882;18793;25;880;699;3014057200;4109;13567;21;321
winnowingThreeGramLongestCommonSubsequenceNormalized;0.5;679;755184741;5225;17980;54;370;699;2015426757;4290;13541;47;140
cosineTokenNormalizedTermFrequency;0.5;699;334834299;5598;18711;110;167;699;329972019;4342;13524;64;88
cosineTwoShingleNormalizedBool;0.4;616;563967345;4625;14409;82;126;692;674707796;4303;13435;58;83
winnowingFourGramLongestCommonSubsequenceNormalized;0.6;665;585817919;4929;17408;33;516;699;1358554723;4250;13549;39;180
longestCommonSubsequenceNormalized;0.3;699;5282903673;5555;18671;150;210;699;8300346845;4338;13511;77;92
winnowingFourGramJaccard;0.4;674;223566530;5281;17849;72;275;699;361418951;4340;13537;51;90
threeShingleJaccardNormalized;0.7;538;445469233;3254;10750;10;591;667;598268707;3606;11113;20;351
winnowingFourGramOverlap;0.5;674;219979425;5406;17762;159;150;699;353475821;4342;13500;88;88
twoGramJaccardNormalized;0.5;697;463604422;5506;18743;75;256;699;554160167;4333;13530;58;97
manhattanTwoGramNormalized;0.5;697;618722707;5545;18725;93;217;699;675427825;4345;13527;61;85
winnowingThreeGramOptimalAlignment;0.7;686;1029920941;4973;18269;29;679;699;3680277296;4163;13560;28;267
manhattanFourGramNormalized;0.4;665;798402754;5278;17351;90;167;699;865325020;4347;13527;61;83
fiveGramOverlap;0.8;665;390049603;5207;17366;127;246;699;512105425;4283;13521;67;147
winnowingThreeGramLongestCommonSubsequence;0.7;686;738191982;4993;18269;29;659;699;3002887479;4183;13559;29;247
threeGramJaccardNormalizedPadding;0.6;679;534474178;5135;17990;44;460;699;622686753;4258;13548;40;172
fiveGramOverlapNormalizedPadding;0.8;658;487265596;5117;16996;103;263;697;615271760;4281;13506;56;141
threeShingleJaccard;0.9;527;217967498;2525;10038;3;1115;615;295107776;2932;10174;7;690
threeGramDiceNormalizedPadding;0.8;679;480228019;5033;18000;34;562;699;581545454;4220;13550;38;210
twoShingleJaccardNormalized;0.6;616;497827429;4282;14455;36;469;692;638561992;4141;13457;36;245
winnowingFiveGramOverlapNormalized;0.6;658;332325300;5197;16971;128;183;697;457536572;4306;13484;78;116
cosineTwoGramNormalizedBool;0.5;697;636447387;5635;18692;126;127;699;691180658;4358;13510;78;72
fiveGramJaccard;0.4;665;454455706;5165;17430;63;288;699;575891710;4325;13538;50;105
winnowingThreeGramLongestCommonSubsequenceNormalized;0.3;679;758464633;5389;17955;79;206;699;2030370822;4342;13532;56;88
threeShingleDice;0.5;527;209238758;3413;10001;40;227;615;289167743;3412;10149;32;210
winnowingTwoGramDice;0.3;699;240144325;5638;18669;152;127;699;358778843;4359;13496;92;71
cosineTwoShingleNormalizedNormalizedTermFrequency;0.8;616;563738591;4227;14461;30;524;692;674554164;4118;13459;34;268
fourGramJaccard;0.7;674;456788741;4899;17895;26;657;699;545507532;4184;13556;32;246
winnowingFourGramJaccardNormalized;0.9;665;337815101;4228;17428;13;1217;699;556013508;3905;13572;16;525
threeShingleOverlap;0.6;527;211018576;3460;9982;59;180;615;294808911;3405;10144;37;217
winnowingThreeGramDice;0.6;686;241177625;5385;18227;71;267;699;355675267;4338;13535;53;92
winnowingTwoGramDice;0.7;699;236837426;5457;18753;68;308;699;351712192;4326;13538;50;104
cosineTokenNormalizedNormalizedTermFrequency;0.9;699;328198443;4899;18800;21;866;699;324022629;4024;13573;15;406
winnowingThreeGramOverlapNormalized;0.8;679;348496549;5354;17898;136;241;699;472561805;4279;13507;81;151
winnowingTwoGramOverlapNormalized;0.3;697;370910775;5571;18582;236;191;699;481593839;4299;13454;134;131
winnowingFiveGramOverlap;0.3;665;205762541;5324;17337;156;129;699;355043709;4337;13486;102;93
twoShingleOverlap;0.7;596;238038328;4282;13584;78;250;651;274131991;3712;11366;43;221
twoShingleJaccardNormalized;0.9;616;497752431;3643;14483;8;1108;692;619639836;3817;13478;15;569
cosineTwoShingleNormalizedBool;0.6;616;562742757;4495;14425;66;256;692;673607006;4247;13445;48;139
winnowingTwoGramLongestCommonSubsequence;0.8;699;1305239821;4874;18795;26;891;699;3827367196;4102;13565;23;328
fiveGramJaccardNormalized;0.3;658;537654969;5179;17019;80;201;697;650259728;4331;13505;57;91
cosineThreeGramNormalizedBool;0.9;679;791605806;4724;18015;19;871;699;809098890;4077;13564;24;353
manhattanThreeGramNormalized;0.5;679;765940898;5372;17958;76;223;699;805011646;4337;13531;57;93
fiveGramOverlapNormalizedPadding;0.4;658;491899700;5281;16975;124;99;697;617963453;4346;13482;80;76
cosineFourGramNormalizedTermFrequency;0.9;665;820526936;4614;17424;17;831;699;885371114;4142;13553;35;288
winnowingFiveGramOptimalAlignmentNormalized;0.3;658;580180937;5143;17031;68;237;697;1481110031;4317;13507;55;105
winnowingFiveGramLongestCommonSubsequence;0.3;665;403413498;5234;17419;74;219;699;1722504042;4343;13528;60;87
winnowingThreeGramOverlap;0.6;686;227969714;5473;18129;169;179;699;358395853;4348;13506;82;82
fourGramDiceNormalizedPadding;0.9;665;482300503;4488;17428;13;957;699;594925402;4036;13566;22;394
winnowingThreeGramOptimalAlignment;0.4;686;1055996470;5374;18234;64;278;699;3694828098;4321;13539;49;109
winnowingFiveGramOverlap;0.8;665;206944450;5200;17364;129;253;699;353271705;4256;13516;72;174
winnowingTwoGramDice;0.9;699;234672312;4952;18796;25;813;699;351407899;4130;13562;26;300
twoShingleJaccardNormalized;0.7;617;503108310;4141;14469;22;610;692;623407529;4076;13466;27;310
threeGramOverlap;0.5;686;368715281;5520;18127;171;132;699;472385430;4337;13489;99;93
winnowingFourGramJaccardNormalized;0.5;665;339861704;5043;17391;50;402;699;469228935;4278;13544;44;152
fiveGramJaccard;0.7;665;451780930;4766;17471;22;687;699;567961883;4165;13558;30;265
cosineFiveGramNormalizedTermFrequency;0.6;658;844102050;5110;17029;70;270;697;925229210;4326;13510;52;96
twoShingleJaccard;0.4;596;240032606;4222;13615;47;310;651;286478209;3731;11374;35;202
winnowingFourGramLongestCommonSubsequenceNormalized;0.4;665;585398854;5161;17377;64;284;699;1365111893;4312;13536;52;118
twoGramJaccardNormalizedPadding;0.8;697;469770172;5030;18790;28;732;699;559806779;4166;13556;32;264
winnowingTwoGramOptimalAlignment;0.6;699;1964866895;5259;18775;46;506;699;5630581660;4246;13556;32;184
fiveGramDice;0.7;665;385527967;5018;17446;47;435;699;509494680;4270;13545;43;160
threeGramJaccardNormalized;0.5;679;522891367;5274;17973;61;321;699;612769923;4304;13537;51;126
optimalAlignmentNormalized;0.5;699;8886399204;5422;18753;68;343;699;10958105295;4301;13536;52;129
cosineThreeShingleNormalizedNormalizedTermFrequency;0.7;538;508067124;3493;10727;33;352;667;662147147;3745;11100;33;212
cosineTwoGramNormalizedTermFrequency;0.7;697;632845654;5543;18720;98;219;699;685211424;4344;13525;63;86
winnowingFiveGramOptimalAlignmentNormalized;0.8;658;578225502;4462;17082;17;918;697;1474182097;4034;13539;23;388
manhattanFiveGramNormalized;0.3;658;833709411;5247;16999;100;133;697;905610961;4350;13498;64;72
winnowingFourGramJaccard;0.8;674;221162153;4655;17899;22;901;699;358068296;4071;13565;23;359
winnowingThreeGramOptimalAlignmentNormalized;0.3;679;958058394;5382;17960;74;213;699;2501207714;4331;13533;55;99
winnowingThreeGramOptimalAlignmentNormalized;0.9;679;954195109;4430;18018;16;1165;699;2497683928;3920;13571;17;510
winnowingFiveGramJaccard;0.7;665;214456622;4760;17469;24;693;699;362092280;4146;13557;31;284
fourGramJaccardNormalized;0.5;665;526439650;5082;17386;55;363;699;637456087;4295;13543;45;135
winnowingFiveGramJaccardNormalized;0.3;658;335873457;5141;17029;70;239;697;469044440;4322;13507;55;100
cosineTwoGramNormalizedNormalizedTermFrequency;0.3;697;638290347;5643;18648;170;119;699;688711579;4343;13484;104;87
manhattanFourGramNormalized;0.9;665;797494612;4468;17427;14;977;699;866365918;4023;13569;19;407
threeShingleOverlap;0.8;527;209414940;3312;9982;59;328;615;296009364;3279;10148;33;343
fourGramDiceNormalizedPadding;0.6;665;494591296;5151;17376;65;294;699;601695722;4322;13538;50;108
twoShingleDice;0.5;596;228295430;4284;13601;61;248;651;274185110;3764;11368;41;169
winnowingFiveGramOverlap;0.5;665;205194510;5305;17351;142;148;699;362446893;4334;13497;91;96
fourGramOverlapNormalizedPadding;0.5;665;486045187;5338;17315;126;107;699;601145650;4347;13507;81;83
manhattanThreeShingleNormalized;0.8;538;514643023;3317;10744;16;528;667;653948920;3637;11111;22;320
winnowingTwoGramJaccard;0.9;699;250436187;4679;18799;22;1086;699;364877944;4008;13569;19;422
cosineFourGramNormalizedNormalizedTermFrequency;0.4;665;830459465;5329;17337;104;116;699;881364636;4361;13520;68;69
cosineFourGramNormalizedTermFrequency;0.7;665;835790263;5085;17382;59;360;699;877484258;4302;13535;53;128
fiveGramOverlap;0.4;665;388665153;5336;17348;145;117;699;517195625;4338;13494;94;92
fiveGramOverlap;0.3;665;387718270;5344;17338;155;109;699;514981524;4335;13486;102;95
winnowingFourGramLongestCommonSubsequence;0.4;674;513299623;5280;17854;67;276;699;2250408590;4324;13534;54;106
threeGramDiceNormalized;0.9;679;466739277;4713;18015;19;882;699;567758639;4072;13564;24;358
tokenOverlap;0.9;699;123723505;5214;18721;100;551;699;160224633;4090;13545;43;340
winnowingFiveGramDice;0.9;665;201138958;4488;17477;16;965;699;349158052;4026;13569;19;404
winnowingFiveGramJaccardNormalized;0.4;658;333795592;5047;17038;61;333;697;468709559;4299;13513;49;123
threeShingleOverlap;0.5;527;210771853;3511;9973;68;129;615;294305416;3453;10142;39;169
twoGramDiceNormalizedPadding;0.5;697;438560427;5613;18698;120;149;699;532392524;4350;13511;77;80
winnowingThreeGramOverlapNormalized;0.5;679;349434486;5445;17881;153;150;699;472232934;4313;13487;101;117
twoShingleOverlapNormalized;0.9;616;486539821;4408;14387;104;343;692;610033542;4089;13429;64;297
manhattanTwoShingleNormalized;0.4;616;556784107;4591;14411;80;160;692;671565310;4293;13439;54;93
twoShingleOverlapNormalized;0.4;616;487938445;4644;14378;113;107;692;607971760;4283;13406;87;103
threeShingleDice;0.8;527;208028452;3042;10025;16;598;616;288659406;3186;10163;18;436
fiveGramJaccardNormalizedPadding;0.4;658;550847457;5085;17034;65;295;697;666389482;4314;13514;48;108
twoGramOverlap;0.6;699;318313635;5595;18614;207;170;699;422804541;4329;13481;107;101
winnowingTwoGramOverlap;0.3;699;245203037;5572;18583;238;193;699;367908403;4305;13454;134;125
winnowingFiveGramOptimalAlignmentNormalized;0.7;658;575470872;4653;17077;22;727;697;1475825826;4138;13531;31;284
winnowingTwoGramOverlap;0.7;699;242343501;5564;18629;192;201;699;360014122;4323;13494;94;107
cosineTokenNormalizedTermFrequency;0.6;699;330015594;5545;18728;93;220;699;328680566;4325;13533;55;105
twoGramDiceNormalized;0.6;697;427679692;5554;18728;90;208;699;527027085;4340;13522;66;90
twoGramJaccardNormalized;0.6;697;466842649;5407;18752;66;355;699;555360020;4306;13542;46;124
manhattanTwoGramNormalized;0.3;697;623493388;5611;18670;148;151;699;673343614;4349;13504;84;81
fiveGramDiceNormalizedPadding;0.8;658;486349789;4735;17076;23;645;697;612926251;4175;13528;34;247
threeGramJaccard;0.3;686;421197678;5489;18200;98;163;699;516839319;4353;13520;68;77
cosineTokenNormalizedNormalizedTermFrequency;0.3;699;337112773;5661;18686;135;104;699;329977696;4367;13521;67;63
threeGramJaccard;0.8;686;420263925;4824;18276;22;828;699;517348985;4110;13563;25;320
winnowingTwoGramDice;0.5;699;240314967;5599;18708;113;166;699;357092969;4365;13519;69;65
twoShingleJaccard;0.8;596;238864967;3590;13651;11;942;651;284255983;3397;11394;15;536
cosineTokenNormalizedBool;0.7;699;329872634;5389;18759;62;376;699;327277824;4256;13544;44;174
winnowingThreeGramJaccardNormalized;0.6;679;361380845;5107;17994;40;488;699;478291334;4252;13549;39;178
fourGramJaccardNormalized;0.4;665;529784693;5179;17374;67;266;699;640029020;4324;13535;53;106
cosineTokenNormalizedNormalizedTermFrequency;0.6;699;331645822;5530;18730;91;235;699;326960238;4324;13541;47;106
winnowingFourGramDiceNormalized;0.8;665;329334179;4794;17415;26;651;699;478147132;4173;13553;35;257
cosineFourGramNormalizedBool;0.4;665;818286917;5320;17341;100;125;699;901031993;4365;13523;65;65
threeGramOverlapNormalized;0.5;679;470474446;5461;17874;160;134;699;573533542;4317;13480;108;113
manhattanTwoShingleNormalized;0.9;616;558911535;3843;14479;12;908;692;671997120;3928;13474;19;458
cosineTwoGramNormalizedNormalizedTermFrequency;0.7;697;634885806;5539;18731;87;223;699;686231400;4338;13526;62;92
winnowingFiveGramDiceNormalized;0.4;658;323318392;5183;17014;85;197;697;458471234;4329;13503;59;93
cosineTwoGramNormalizedBool;0.4;697;637553703;5648;18670;148;114;699;684016094;4357;13502;86;73
winnowingFiveGramJaccard;0.3;665;217352024;5241;17414;79;212;699;363012679;4343;13526;62;87
threeShingleDice;0.4;527;209019446;3461;9984;57;179;615;290467996;3444;10148;33;178
fiveGramOverlapNormalized;0.8;658;477783468;5128;16974;125;252;697;599231671;4251;13486;76;171
winnowingFiveGramOptimalAlignment;0.4;665;512795558;5157;17433;60;296;699;3053567557;4302;13539;49;128
twoShingleDiceNormalized;0.8;616;481484893;4206;14463;28;545;692;606691293;4108;13464;29;278
winnowingFourGramOptimalAlignment;0.6;674;683479098;5040;17880;41;516;699;3079845478;4233;13555;33;197
fiveGramDiceNormalized;0.3;658;477637720;5253;16996;103;127;697;601151555;4355;13495;67;67
manhattanFourGramNormalized;0.6;665;801343547;5139;17382;59;306;699;859096337;4312;13540;48;118
threeGramOverlapNormalized;0.6;679;472430293;5444;17883;151;151;699;573039911;4317;13491;97;113
cosineThreeGramNormalizedBool;0.8;679;793227755;5080;17998;36;515;699;814282200;4230;13549;39;200
threeShingleDice;0.7;527;207724589;3198;10019;22;442;615;290249936;3297;10162;19;325
fourGramDice;0.7;674;378815560;5152;17869;52;404;699;495590389;4290;13545;43;140
cosineTwoShingleNormalizedNormalizedTermFrequency;0.6;616;563562045;4501;14424;67;250;692;691823593;4249;13444;49;137
winnowingTwoGramOverlap;0.8;699;243015056;5544;18640;181;221;699;358156867;4309;13503;85;121
winnowingFourGramOptimalAlignmentNormalized;0.6;665;733451692;4910;17408;33;535;699;1851527372;4231;13553;35;199
cosineTwoGramNormalizedBool;0.9;697;633040990;5009;18792;26;753;699;678771187;4152;13557;31;278
fiveGramDice;0.5;665;388502777;5236;17421;72;217;699;511905724;4342;13532;56;88
winnowingFourGramOptimalAlignmentNormalized;0.7;665;732778032;4731;17416;25;714;699;1842776711;4161;13558;30;269
winnowingThreeGramDiceNormalized;0.4;679;350425982;5438;17936;98;157;699;472306292;4349;13523;65;81
tokenJaccardNormalized;0.8;670;560208103;4669;17741;17;854;699;630015758;4075;13563;25;355
winnowingFourGramOptimalAlignment;0.8;674;684554117;4649;17900;21;907;699;3071386173;4049;13567;21;381
fiveGramDiceNormalizedPadding;0.3;658;495097691;5261;16996;103;119;697;613561856;4358;13495;67;64
cosineFourGramNormalizedNormalizedTermFrequency;0.6;665;825459624;5202;17368;73;243;699;879665580;4330;13534;54;100
tokenOverlapNormalized;0.5;670;501296854;5391;17607;151;132;699;583708260;4324;13491;97;106
twoGramJaccardNormalizedPadding;0.7;697;467913597;5248;18774;44;514;699;556083999;4253;13549;39;177
tokenDice;0.9;699;121151632;4734;18800;21;1031;699;157944901;3949;13575;13;481
cosineFiveGramNormalizedNormalizedTermFrequency;0.8;658;841556629;4803;17070;29;577;697;918855475;4205;13523;39;217
fourGramOverlapNormalized;0.6;665;476560271;5302;17304;137;143;699;592567338;4314;13495;93;116
twoGramDiceNormalized;0.9;697;427832052;4994;18792;26;768;699;525605572;4148;13557;31;282
tokenJaccard;0.9;699;131316771;4418;18804;17;1347;699;167517111;3812;13575;13;618
fiveGramOverlapNormalized;0.3;658;479965937;5270;16946;153;110;697;610602291;4309;13451;111;113
fourGramOverlapNormalized;0.8;665;475238428;5216;17311;130;229;699;592037149;4278;13508;80;152
cosineTwoGramNormalizedBool;0.7;697;633166511;5502;18746;72;260;699;680784678;4331;13534;54;99
longestCommonSubsequence;0.8;699;5161988559;4925;18796;25;840;699;11693438005;4114;13564;24;316
cosineThreeShingleNormalizedNormalizedTermFrequency;0.6;538;505944147;3604;10714;46;241;667;660049490;3793;11095;38;164
threeGramJaccard;0.5;686;425288242;5341;18235;63;311;699;515460367;4318;13539;49;112
twoShingleDice;0.7;596;228271009;4056;13630;32;476;651;273148438;3644;11383;26;289
winnowingThreeGramDiceNormalized;0.8;679;344676999;5001;17999;35;594;699;471541596;4210;13553;35;220
tokenJaccardNormalized;0.9;670;560104875;4366;17747;11;1157;699;631809107;3914;13572;16;516
fiveGramJaccardNormalizedPadding;0.7;658;552840545;4670;17078;21;710;697;662174201;4145;13532;30;277
winnowingFiveGramOptimalAlignment;0.3;665;514370852;5228;17423;70;225;699;3066451527;4338;13533;55;92
winnowingFiveGramOptimalAlignmentNormalized;0.9;658;575827698;4187;17085;14;1193;697;1487710057;3884;13544;18;538
longestCommonSubsequenceNormalized;0.4;699;5283805118;5524;18722;99;241;699;8327238173;4337;13527;61;93
fourGramDiceNormalized;0.8;665;470780174;4847;17413;28;598;699;587404234;4196;13551;37;234
tokenJaccard;0.8;699;132121268;4793;18798;23;972;699;165661595;3973;13574;14;457
cosineThreeGramNormalizedNormalizedTermFrequency;0.9;679;786954919;4784;18014;20;811;699;816108302;4123;13559;29;307
threeGramOverlap;0.8;686;371417319;5450;18153;145;202;699;471730149;4308;13514;74;122
winnowingTwoGramOverlapNormalized;0.6;697;364720167;5567;18616;202;195;699;476540881;4314;13480;108;116
cosineTokenNormalizedTermFrequency;0.9;699;327655659;5007;18787;34;758;699;323757472;4091;13565;23;339
fiveGramJaccardNormalized;0.7;658;533882877;4692;17079;20;688;697;650480707;4149;13529;33;273
tokenOverlap;0.3;699;127816513;5630;18662;159;135;699;167004729;4342;13500;88;88
winnowingTwoGramOptimalAlignmentNormalized;0.9;697;1672884410;4602;18799;19;1160;699;3519220686;3944;13570;18;486
fourGramJaccardNormalizedPadding;0.4;665;545920874;5167;17371;70;278;699;647590459;4327;13536;52;103
fourGramDiceNormalized;0.3;665;473118461;5326;17335;106;119;699;590430802;4366;13519;69;64
twoGramJaccardNormalizedPadding;0.3;697;475796625;5623;18693;125;139;699;561426163;4350;13507;81;80
tokenDiceNormalized;0.4;670;501998974;5378;17662;96;145;699;585279864;4354;13521;67;76
cosineTwoShingleNormalizedNormalizedTermFrequency;0.9;617;568092377;3875;14478;13;876;692;673040364;3955;13474;19;431
winnowingFiveGramLongestCommonSubsequence;0.7;665;398000172;4763;17465;28;690;699;1723691150;4166;13561;27;264
twoGramDice;0.9;699;309178237;5004;18795;26;761;699;414119901;4156;13561;27;274
twoGramJaccard;0.4;699;350353354;5584;18715;106;181;699;453816740;4350;13519;69;80
threeGramOverlapNormalized;0.8;679;472092705;5375;17889;145;220;699;573113065;4290;13504;84;140
winnowingFourGramOverlapNormalized;0.8;665;330235281;5177;17322;119;268;699;500379680;4260;13507;81;170
winnowingTwoGramDice;0.8;699;237043473;5286;18773;48;479;699;352631898;4281;13547;41;149
threeGramJaccardNormalized;0.9;679;538810715;4457;18021;13;1138;699;608152580;3947;13571;17;483
twoGramOverlap;0.5;699;320133083;5597;18609;212;168;699;421790091;4328;13475;113;102
winnowingFourGramDice;0.4;674;212235256;5390;17825;96;166;699;355025014;4362;13518;70;68
manhattanTokenNormalized;0.4;699;332409294;5591;18718;103;174;699;328009726;4345;13532;56;85
fourGramJaccard;0.4;674;446872736;5301;17853;68;255;699;549805976;4336;13535;53;94
threeGramDiceNormalizedPadding;0.5;679;481043579;5402;17946;88;193;699;582202005;4342;13525;63;88
threeGramJaccardNormalizedPadding;0.4;679;533278949;5356;17960;74;239;699;623087277;4332;13531;57;98
damerauLevenshtein;0.6;699;11755353146;5304;18769;52;461;699;21157757934;4266;13552;36;164
fiveGramDice;0.9;665;380377417;4472;17478;15;981;699;509034276;4021;13567;21;409
winnowingTwoGramOptimalAlignment;0.8;699;1968048907;4850;18795;26;915;699;5659107077;4075;13566;22;355
twoShingleOverlap;0.6;596;232497989;4351;13581;81;181;651;281161405;3765;11361;48;168
winnowingTwoGramLongestCommonSubsequence;0.6;699;1310908931;5283;18773;48;482;699;3790621251;4259;13551;37;171
manhattanTwoGramNormalized;0.8;697;616989048;5163;18785;33;599;699;666608134;4229;13554;34;201
optimalAlignmentNormalized;0.7;699;8887653168;5128;18786;35;637;699;11014181179;4205;13554;34;225
cosineTwoShingleNormalizedNormalizedTermFrequency;0.7;616;562472067;4389;14442;49;362;692;677027802;4193;13449;44;193
fourGramOverlapNormalizedPadding;0.7;665;483902006;5283;17327;114;162;699;599829834;4332;13524;64;98
twoGramDice;0.6;699;314811595;5566;18726;95;199;699;420786207;4347;13521;67;83
fourGramOverlap;0.4;674;385833679;5429;17758;163;127;699;498006162;4339;13490;98;91
fiveGramDiceNormalizedPadding;0.6;658;491524645;5063;17037;62;317;697;614968619;4297;13514;48;125
fiveGramOverlapNormalized;0.4;658;478015163;5260;16955;144;120;697;603980262;4310;13460;102;112
winnowingFourGramOverlapNormalized;0.3;665;332217099;5321;17296;145;124;699;462719554;4307;13471;117;123
winnowingTwoGramJaccard;0.7;699;250160837;5214;18777;44;551;699;365959653;4253;13552;36;177
threeGramDiceNormalizedPadding;0.9;679;476389605;4697;18015;19;898;699;576983950;4065;13565;23;365
fiveGramDiceNormalizedPadding;0.9;658;492620441;4384;17088;11;996;697;611845963;4004;13541;21;418
manhattanTokenNormalized;0.8;699;325374899;5141;18782;39;624;699;322696557;4146;13560;28;284
threeShingleJaccardNormalized;0.4;538;446003076;3591;10716;44;254;667;599924284;3789;11094;39;168
manhattanTwoGramNormalized;0.7;697;616971386;5364;18762;56;398;699;670161432;4288;13544;44;142
cosineFiveGramNormalizedNormalizedTermFrequency;0.4;658;851581269;5247;17001;98;133;697;925970834;4355;13497;65;67
threeGramJaccardNormalizedPadding;0.9;679;533145642;4430;18021;13;1165;699;614237835;3937;13571;17;493
cosineThreeShingleNormalizedTermFrequency;0.8;538;505501264;3338;10741;19;507;667;657193111;3659;11107;26;298
cosineTwoGramNormalizedTermFrequency;0.4;697;639222605;5619;18658;160;143;699;684828010;4351;13499;89;79
winnowingFourGramOverlap;0.8;674;212471210;5321;17786;135;235;699;350178402;4287;13520;68;143
winnowingThreeGramOverlapNormalized;0.7;679;348918336;5405;17896;138;190;699;476412745;4298;13503;85;132
winnowingThreeGramLongestCommonSubsequenceNormalized;0.7;679;752491618;4926;18005;29;669;699;2023588607;4193;13556;32;237
tokenJaccard;0.4;699;134248714;5462;18743;78;303;699;168271251;4273;13544;44;157
twoShingleJaccardNormalized;0.3;616;497344584;4566;14414;77;185;692;617774912;4283;13439;54;103
twoGramJaccardNormalized;0.9;697;461651288;4724;18800;18;1038;699;547483006;4019;13569;19;411
threeShingleDiceNormalized;0.8;538;436615972;3322;10743;17;523;667;587831657;3638;11111;22;319
winnowingThreeGramLongestCommonSubsequence;0.3;686;735847016;5445;18216;82;207;699;3014188885;4344;13523;65;86
winnowingTwoGramOptimalAlignment;0.5;699;1956898792;5384;18761;60;381;699;5640755231;4293;13546;42;137
fourGramDiceNormalized;0.7;665;470443903;5030;17394;47;415;699;594112146;4275;13546;42;155
cosineThreeGramNormalizedBool;0.4;679;791136076;5493;17929;105;102;699;818622669;4363;13516;72;67
cosineTwoGramNormalizedBool;0.3;697;639762691;5651;18648;170;111;699;687330286;4345;13485;103;85
tokenJaccardNormalized;0.7;670;559814531;4890;17733;25;633;699;634337193;4186;13552;36;244
winnowingThreeGramOverlapNormalized;0.4;679;352535434;5459;17871;163;136;699;474467865;4310;13477;111;120
threeGramOverlapNormalized;0.4;679;472896964;5460;17863;171;135;699;572631867;4319;13474;114;111
winnowingTwoGramOptimalAlignment;0.3;699;1964404869;5557;18739;82;208;699;5652960009;4341;13529;59;89
tokenJaccard;0.3;699;134685692;5550;18722;99;215;699;169197268;4308;13538;50;122
winnowingThreeGramLongestCommonSubsequenceNormalized;0.6;679;751539086;5093;17997;37;502;699;2025929815;4250;13550;38;180
twoShingleJaccardNormalized;0.5;617;495731550;4404;14443;48;347;692;614031149;4208;13446;47;178
tokenOverlap;0.6;699;124908564;5570;18690;131;195;699;162288338;4306;13519;69;124
winnowingFiveGramDiceNormalized;0.3;658;324504750;5227;17003;96;153;697;455742051;4345;13497;65;77
winnowingFiveGramLongestCommonSubsequenceNormalized;0.3;658;483269697;5152;17027;72;228;697;1261999586;4322;13505;57;100
threeGramDiceNormalizedPadding;0.4;679;482727592;5464;17933;101;131;699;581856509;4357;13518;70;73
threeGramJaccardNormalized;0.3;679;521002632;5425;17940;94;170;699;613223262;4347;13522;66;83
winnowingFiveGramLongestCommonSubsequence;0.8;665;398898181;4556;17474;19;897;699;1712313931;4061;13566;22;369
cosineTwoGramNormalizedTermFrequency;0.8;697;631802724;5442;18738;80;320;699;684766558;4310;13534;54;120
winnowingFiveGramLongestCommonSubsequenceNormalized;0.5;658;483024798;4986;17048;51;394;697;1262403835;4274;13515;47;148
cosineThreeGramNormalizedNormalizedTermFrequency;0.4;679;790358160;5492;17920;114;103;699;822402648;4364;13514;74;66
damerauLevenshteinNormalized;0.8;699;11801226725;4917;18796;25;848;699;18020814349;4118;13563;25;312
winnowingFourGramJaccardNormalized;0.4;665;340280200;5137;17374;67;308;699;469813885;4312;13537;51;118
threeShingleJaccard;0.4;528;218728069;3356;10008;33;284;615;300187840;3371;10151;30;251
threeGramOverlapNormalized;0.7;679;472161001;5423;17889;145;172;699;571167142;4314;13499;89;116
damerauLevenshtein;0.8;699;11805625990;4905;18796;25;860;699;21177569474;4086;13565;23;344
tokenJaccard;0.7;699;133274016;5052;18787;34;713;699;166325608;4081;13567;21;349
winnowingThreeGramJaccardNormalized;0.9;679;358332817;4393;18019;15;1202;699;480544955;3928;13572;16;502
winnowingTwoGramJaccard;0.4;699;252334035;5559;18729;92;206;699;372752681;4354;13524;64;76
cosineFiveGramNormalizedNormalizedTermFrequency;0.9;658;841287023;4451;17085;14;929;697;914201291;4035;13538;24;387
winnowingFourGramJaccardNormalized;0.8;665;342539774;4501;17425;16;944;699;467882173;4036;13564;24;394
winnowingThreeGramDice;0.4;686;226533830;5512;18192;106;140;699;359275185;4366;13520;68;64
threeShingleOverlapNormalized;0.9;538;432262303;3485;10689;71;360;667;588401085;3619;11079;54;338
winnowingFourGramDice;0.3;674;212679677;5423;17810;111;133;699;350556464;4372;13516;72;58
winnowingThreeGramDice;0.3;686;227269111;5537;18174;124;115;699;355107686;4369;13512;76;61
winnowingFiveGramOverlap;0.7;665;204615139;5239;17359;134;214;699;352585775;4309;13515;73;121
fourGramDiceNormalizedPadding;0.8;665;481876050;4827;17415;26;618;699;596552460;4199;13552;36;231
cosineThreeShingleNormalizedNormalizedTermFrequency;0.5;538;505430074;3673;10696;64;172;667;683199574;3833;11092;41;124
winnowingTwoGramLongestCommonSubsequence;0.4;699;1308304569;5498;18747;74;267;699;3796092187;4332;13531;57;98
manhattanFiveGramNormalized;0.5;658;829352782;5135;17030;69;245;697;906011475;4317;13511;51;105
winnowingThreeGramJaccardNormalized;0.3;679;360301971;5398;17948;86;197;699;481031935;4347;13529;59;83
levenshtein;0.8;699;2806086983;4903;18796;25;862;699;7964054274;4086;13565;23;344
fiveGramOverlapNormalizedPadding;0.7;658;490457742;5194;16991;108;186;697;617318141;4312;13501;61;110
manhattanFiveGramNormalized;0.6;658;822540210;5056;17042;57;324;697;900063962;4297;13514;48;125
threeGramOverlap;0.6;686;365946677;5511;18139;159;141;699;474238326;4333;13498;90;97
winnowingFourGramOverlapNormalized;0.5;665;332034358;5307;17307;134;138;699;460048497;4302;13488;100;128
winnowingTwoGramDiceNormalized;0.4;697;360361666;5632;18691;127;130;699;475292758;4360;13509;79;70
cosineThreeGramNormalizedTermFrequency;0.4;679;791965228;5479;17919;115;116;699;816836861;4352;13506;82;78
winnowingTwoGramJaccardNormalized;0.3;697;382286989;5613;18707;111;149;699;490726460;4358;13517;71;72
threeShingleOverlapNormalized;0.6;539;434331757;3714;10681;79;131;667;597552582;3804;11069;64;153
twoGramJaccardNormalized;0.4;697;465174577;5569;18715;103;193;699;552320069;4345;13520;68;85
twoGramJaccardNormalizedPadding;0.6;697;468928863;5402;18752;66;360;699;558695069;4304;13542;46;126
winnowingFiveGramOverlap;0.9;665;203250420;5071;17379;114;382;699;353991786;4182;13529;59;248
winnowingFiveGramOverlapNormalized;0.5;658;323539470;5228;16966;133;152;697;455886785;4313;13475;87;109
fourGramOverlapNormalized;0.7;665;476013887;5264;17305;136;181;699;594691326;4299;13502;86;131
twoGramDiceNormalizedPadding;0.9;697;432870402;4983;18791;27;779;699;531093032;4143;13557;31;287
winnowingFourGramLongestCommonSubsequenceNormalized;0.8;665;585964882;4541;17424;17;904;699;1357132647;4062;13567;21;368
manhattanTwoGramNormalized;0.6;697;618853562;5477;18744;74;285;699;674732031;4324;13533;55;106
winnowingFourGramOverlapNormalized;0.9;665;333134090;5045;17331;110;400;699;471669115;4166;13513;75;264
twoGramJaccard;0.5;699;350148067;5522;18742;79;243;699;449423726;4333;13530;58;97
tokenOverlapNormalized;0.3;670;502706092;5400;17585;173;123;699;584772182;4324;13478;110;106
cosineFiveGramNormalizedTermFrequency;0.4;658;836608202;5236;16997;102;144;697;919047798;4349;13492;70;73
winnowingTwoGramJaccardNormalized;0.7;697;376404929;5211;18775;43;551;699;486445715;4237;13550;38;193
fourGramJaccard;0.9;674;444364283;4361;17907;14;1195;699;546670357;3900;13572;16;530
cosineTwoGramNormalizedTermFrequency;0.6;697;634695964;5584;18685;133;178;699;679904257;4347;13514;74;83
winnowingFiveGramOverlapNormalized;0.3;658;325087109;5251;16958;141;129;697;460255064;4319;13466;96;103
twoShingleOverlapNormalized;0.8;616;484694469;4523;14383;108;228;692;610533938;4183;13424;69;203
twoGramDice;0.8;699;314171596;5335;18764;57;430;699;419935591;4283;13544;44;147
cosineThreeShingleNormalizedTermFrequency;0.6;538;505867607;3605;10715;45;240;667;664728475;3794;11094;39;163
threeShingleOverlap;0.4;527;210375351;3528;9971;70;112;615;293873218;3472;10139;42;150
manhattanThreeShingleNormalized;0.6;538;503944723;3570;10721;39;275;667;653810580;3779;11097;36;178
damerauLevenshteinNormalized;0.7;699;11764393878;5128;18786;35;637;699;17945190777;4205;13554;34;225
winnowingFourGramDice;0.9;674;208886405;4606;17900;21;950;699;348668955;4045;13566;22;385
threeShingleDiceNormalized;0.7;538;434442018;3467;10729;31;378;668;594129590;3736;11104;29;221
longestCommonSubsequence;0.5;699;5167096294;5430;18749;72;335;699;11689622089;4311;13536;52;119
cosineFourGramNormalizedBool;0.6;665;821142461;5191;17374;67;254;699;879324057;4324;13537;51;106
threeGramDiceNormalizedPadding;0.3;679;480219760;5494;17919;115;101;699;587942841;4361;13510;78;69
winnowingFiveGramJaccard;0.4;665;216783633;5161;17428;65;292;699;365194200;4320;13537;51;110
cosineTwoGramNormalizedNormalizedTermFrequency;0.6;697;637469510;5608;18701;117;154;699;685081657;4352;13515;73;78
cosineFourGramNormalizedBool;0.5;665;820471177;5275;17354;87;170;699;876247421;4342;13527;61;88
fourGramJaccard;0.3;674;444376821;5369;17833;88;187;699;545841180;4347;13525;63;83
manhattanFiveGramNormalized;0.4;658;824535713;5203;17015;84;177;697;904435983;4335;13502;60;87
tokenJaccardNormalized;0.5;670;561150894;5186;17700;58;337;699;635120175;4295;13540;48;135
winnowingTwoGramOptimalAlignmentNormalized;0.3;697;1667679061;5546;18735;83;216;699;3508153637;4339;13529;59;91
twoGramOverlap;0.9;699;315717476;5504;18661;160;261;699;420348126;4283;13514;74;147
winnowingFourGramLongestCommonSubsequence;0.5;674;513580589;5182;17865;56;374;699;2252312492;4278;13541;47;152
winnowingFourGramLongestCommonSubsequenceNormalized;0.7;665;584311094;4753;17414;27;692;699;1362276320;4182;13558;30;248
winnowingTwoGramJaccardNormalized;0.6;697;374968485;5371;18756;62;391;699;484716008;4295;13544;44;135
longestCommonSubsequence;0.6;699;5177098507;5317;18766;55;448;699;11726070574;4275;13547;41;155
winnowingTwoGramLongestCommonSubsequenceNormalized;0.7;697;1172958968;5100;18785;33;662;699;3021979932;4210;13557;31;220
threeShingleOverlapNormalized;0.5;538;435896961;3752;10677;83;93;667;592957729;3833;11066;67;124
twoGramJaccardNormalizedPadding;0.5;697;475061482;5505;18740;78;257;699;561226637;4334;13532;56;96
cosineTwoGramNormalizedTermFrequency;0.3;697;641161098;5619;18639;179;143;699;688446566;4345;13491;97;85
longestCommonSubsequenceNormalized;0.8;699;5295645740;4936;18796;25;829;699;8337378088;4145;13565;23;285
cosineFiveGramNormalizedTermFrequency;0.5;658;839932554;5181;17018;81;199;697;922594545;4342;13505;57;80
winnowingFourGramOverlapNormalized;0.4;665;333142360;5317;17305;136;128;699;492990810;4309;13482;106;121
cosineTokenNormalizedBool;0.5;699;330154832;5586;18718;103;179;699;326187010;4343;13535;53;87
twoGramOverlapNormalized;0.7;697;432973903;5577;18620;198;185;699;533611940;4325;13486;102;105
winnowingFiveGramLongestCommonSubsequenceNormalized;0.7;658;486419031;4674;17077;22;706;697;1259534232;4155;13531;31;267
threeGramDiceNormalizedPadding;0.6;679;481936250;5331;17962;72;264;699;581116743;4327;13534;54;103
winnowingFourGramDice;0.8;674;211983394;4957;17892;29;599;699;345878406;4202;13554;34;228
fiveGramJaccardNormalizedPadding;0.8;658;548643301;4429;17087;12;951;697;668328164;4029;13541;21;393
cosineFiveGramNormalizedBool;0.5;658;839663857;5190;17017;82;190;697;917488727;4332;13504;58;90
winnowingTwoGramJaccardNormalized;0.9;697;373611619;4668;18800;18;1094;699;632925600;3988;13571;17;442
winnowingTwoGramOverlap;0.9;699;239435037;5457;18655;166;308;699;358931002;4268;13506;82;162
manhattanFiveGramNormalized;0.7;659;822112554;4925;17061;38;455;697;903365036;4241;13522;40;181
winnowingFourGramOverlap;0.7;674;216187945;5362;17781;140;194;699;362192645;4317;13514;74;113
winnowingThreeGramDiceNormalized;0.3;679;348108537;5473;17920;114;122;699;473535009;4367;13518;70;63
twoGramDiceNormalizedPadding;0.6;697;436406117;5553;18725;93;209;699;530274404;4341;13523;65;89
fiveGramOverlap;0.6;665;386214556;5309;17360;133;144;699;512747277;4331;13509;79;99
cosineTokenNormalizedBool;0.6;699;328811714;5512;18736;85;253;699;328707187;4306;13541;47;124
cosineTwoShingleNormalizedBool;0.8;616;561015898;4217;14461;30;534;692;673075727;4112;13462;31;274
twoShingleOverlapNormalized;0.7;616;485583697;4571;14385;106;180;692;604398972;4227;13418;75;159
winnowingFiveGramJaccard;0.6;665;212347359;4932;17459;34;521;699;360415631;4228;13551;37;202
twoGramOverlap;0.8;699;320099907;5569;18644;177;196;699;450806346;4324;13503;85;106
manhattanFourGramNormalized;0.3;665;798458909;5319;17337;104;126;699;863333799;4360;13522;66;70
twoGramDice;0.5;699;313346579;5614;18696;125;151;699;420452489;4357;13510;78;73
fiveGramDiceNormalizedPadding;0.4;658;488965859;5216;17007;92;164;697;618351285;4343;13500;62;79
cosineTwoShingleNormalizedTermFrequency;0.9;616;560570583;3891;14479;12;860;692;671588429;3976;13471;22;410
winnowingFourGramJaccard;0.5;674;227183329;5188;17862;59;368;699;375091229;4298;13541;47;132
optimalAlignmentNormalized;0.9;699;8888415825;4668;18802;19;1097;699;10969869666;3978;13569;19;452
twoGramJaccardNormalizedPadding;0.9;697;470942825;4713;18800;18;1049;699;575282700;4016;13569;19;414
winnowingThreeGramOverlap;0.3;686;230628093;5491;18101;197;161;699;356906259;4338;13483;105;92
fiveGramOverlapNormalizedPadding;0.6;658;492087068;5250;16989;110;130;697;613670933;4334;13494;68;88
cosineTokenNormalizedTermFrequency;0.4;699;332798774;5633;18694;127;132;699;328870858;4350;13522;66;80
fourGramOverlap;0.5;674;386401877;5416;17767;154;140;699;499441208;4339;13497;91;91
cosineThreeGramNormalizedBool;0.7;679;790591585;5263;17972;62;332;699;820812748;4302;13539;49;128
cosineFourGramNormalizedTermFrequency;0.6;665;818634092;5194;17365;76;251;699;871883064;4340;13532;56;90
twoShingleJaccard;0.3;596;241327257;4301;13595;67;231;651;285754860;3777;11367;42;156
winnowingFiveGramDice;0.5;665;202646902;5218;17422;71;235;699;351532838;4341;13531;57;89
fiveGramOverlapNormalizedPadding;0.5;658;492747516;5270;16978;121;110;697;616083255;4343;13486;76;79
fourGramDiceNormalizedPadding;0.3;665;484732204;5332;17334;107;113;699;598922572;4368;13519;69;62
winnowingFiveGramJaccardNormalized;0.6;658;331345949;4816;17065;34;564;697;466256943;4198;13522;40;224
manhattanFiveGramNormalized;0.9;658;821031542;4379;17087;12;1001;697;958793529;3990;13544;18;432
tokenOverlap;0.5;699;125885098;5615;18680;141;150;699;162956476;4327;13516;72;103
fiveGramDiceNormalized;0.9;658;470701763;4407;17086;13;973;697;595170284;4012;13542;20;410
fiveGramDiceNormalized;0.6;658;474925440;5071;17040;59;309;697;664730827;4295;13514;48;127
cosineTwoShingleNormalizedTermFrequency;0.8;616;560792192;4230;14462;29;521;692;671585872;4124;13458;35;262
winnowingFourGramDice;0.7;674;211179634;5134;17867;54;422;699;351994067;4285;13543;45;145
cosineThreeShingleNormalizedBool;0.6;538;503571217;3600;10713;47;245;667;657128910;3786;11095;38;171
winnowingTwoGramOverlapNormalized;0.8;697;366286736;5526;18638;180;236;699;506106047;4300;13498;90;130
threeGramOverlapNormalizedPadding;0.3;679;486221470;5504;17877;157;91;699;582304768;4344;13485;103;86
winnowingTwoGramLongestCommonSubsequenceNormalized;0.3;697;1168835285;5558;18728;90;204;699;3014888531;4344;13526;62;86
winnowingThreeGramOptimalAlignmentNormalized;0.6;679;960317044;5073;17997;37;522;699;2502723402;4235;13553;35;195
fiveGramJaccardNormalizedPadding;0.9;658;545771078;4128;17090;9;1252;697;664672664;3861;13548;14;561
twoGramDice;0.7;699;313257621;5487;18748;73;278;699;418573677;4328;13533;55;102
tokenJaccard;0.5;699;133487775;5364;18759;62;401;699;168538950;4232;13547;41;198
manhattanThreeGramNormalized;0.3;679;771033585;5479;17926;108;116;699;804937280;4358;13515;73;72
fourGramOverlapNormalizedPadding;0.4;665;485078666;5358;17311;130;87;699;603718676;4347;13497;91;83
longestCommonSubsequence;0.9;699;5161312821;4676;18801;20;1089;699;11702940658;3960;13571;17;470
manhattanTokenNormalized;0.7;699;325422711;5316;18767;54;449;699;325073933;4241;13552;36;189
winnowingFourGramOptimalAlignmentNormalized;0.8;665;730477002;4528;17424;17;917;699;1865092721;4053;13567;21;377
threeShingleOverlapNormalized;0.4;538;435229078;3763;10676;84;82;667;592544277;3848;11063;70;109
winnowingThreeGramLongestCommonSubsequence;0.4;686;740635749;5383;18229;69;269;699;2997149844;4331;13533;55;99
optimalAlignment;0.3;699;8843028009;5575;18720;101;190;699;15935259934;4344;13518;70;86
winnowingThreeGramOptimalAlignmentNormalized;0.5;679;954266180;5210;17984;50;385;699;2501749567;4284;13548;40;146
fiveGramDice;0.8;665;384495599;4828;17467;26;625;699;507801771;4189;13551;37;241
manhattanTwoShingleNormalized;0.7;616;556323635;4338;14449;42;413;692;672828251;4174;13456;37;212
tokenDiceNormalized;0.8;670;497545253;4963;17729;29;560;699;576691046;4207;13550;38;223
winnowingTwoGramJaccardNormalized;0.4;697;375649279;5541;18727;91;221;699;487226953;4347;13525;63;83
threeShingleJaccard;0.3;527;221115148;3428;9994;47;212;615;307634312;3423;10149;32;199
twoGramDiceNormalized;0.4;697;435281703;5629;18681;137;133;699;532164247;4354;13503;85;76
tokenDice;0.3;699;124671282;5623;18715;106;142;699;162518607;4339;13523;65;91
twoGramOverlap;0.3;699;320332540;5596;18591;230;169;699;424791084;4313;13456;132;117
winnowingFourGramLongestCommonSubsequence;0.9;674;513057840;4381;17906;15;1175;699;2250088039;3920;13571;17;510
cosineThreeGramNormalizedNormalizedTermFrequency;0.5;679;793994233;5453;17934;100;142;699;818559704;4357;13523;65;73
cosineThreeShingleNormalizedTermFrequency;0.4;538;504972812;3720;10695;65;125;667;660102646;3859;11089;44;98
fiveGramOverlap;0.5;665;387831458;5324;17351;142;129;699;512099612;4337;13505;83;93
winnowingTwoGramOptimalAlignmentNormalized;0.5;697;1662356788;5385;18758;60;377;699;3516530505;4292;13546;42;138
threeShingleDiceNormalized;0.3;538;435115991;3729;10693;67;116;667;597631699;3874;11085;48;83
cosineTwoGramNormalizedTermFrequency;0.5;697;634435467;5605;18669;149;157;699;684585591;4351;13507;81;79
levenshtein;0.6;699;2801365094;5302;18769;52;463;699;7999410004;4266;13552;36;164
winnowingFiveGramDiceNormalized;0.9;658;327598832;4362;17083;16;1018;697;453505411;3987;13540;22;435
cosineTwoGramNormalizedNormalizedTermFrequency;0.8;697;633613996;5417;18749;69;345;699;686466036;4305;13536;52;125
winnowingTwoGramLongestCommonSubsequence;0.9;699;1307665674;4607;18800;21;1158;699;3773156898;3946;13570;18;484
cosineTwoGramNormalizedNormalizedTermFrequency;0.5;697;635886214;5633;18680;138;129;699;684121690;4358;13504;84;72
cosineTwoShingleNormalizedBool;0.9;616;562150703;3860;14479;12;891;692;674335730;3948;13475;18;438
winnowingTwoGramLongestCommonSubsequenceNormalized;0.5;697;1167446197;5401;18753;65;361;699;3015597548;4303;13542;46;127
levenshteinNormalized;0.9;699;2872764829;4668;18802;19;1097;699;6082853826;3978;13569;19;452
longestCommonSubsequenceNormalized;0.7;699;5295801945;5151;18783;38;614;699;8268908320;4231;13555;33;199
threeGramDice;0.4;686;368064791;5517;18192;106;135;699;470266119;4364;13516;72;66
winnowingThreeGramDice;0.8;686;222718514;5085;18264;34;567;699;349694663;4230;13551;37;200
winnowingThreeGramJaccard;0.6;686;239056999;5195;18251;47;457;699;365733929;4274;13550;38;156
optimalAlignmentNormalized;0.4;699;8582591821;5518;18745;76;247;699;10942704647;4329;13527;61;101
winnowingTwoGramDiceNormalized;0.7;697;361079427;5430;18749;69;332;699;470833448;4317;13537;51;113
fourGramDice;0.8;674;379983580;4966;17891;30;590;699;492425497;4208;13551;37;222
winnowingTwoGramDiceNormalized;0.5;697;360646347;5591;18710;108;171;699;481532085;4357;13519;69;73
winnowingFourGramDiceNormalized;0.6;665;329050540;5112;17378;63;333;699;460398614;4305;13539;49;125
threeShingleOverlap;0.7;528;209311770;3395;9980;61;245;615;289597386;3358;10147;34;264
fiveGramDice;0.3;665;385771302;5325;17391;102;128;699;511510472;4365;13514;74;65
threeGramOverlapNormalized;0.9;679;469031696;5272;17905;129;323;699;568414097;4228;13514;74;202
cosineTokenNormalizedTermFrequency;0.7;699;329256177;5456;18745;76;309;699;327827436;4281;13536;52;149
winnowingFiveGramOverlapNormalized;0.8;658;325579596;5096;16978;121;284;697;455321916;4249;13490;72;173
winnowingFiveGramLongestCommonSubsequence;0.5;665;397013873;5077;17441;52;376;699;1721568013;4278;13545;43;152
cosineTwoShingleNormalizedBool;0.5;616;561971989;4572;14413;78;179;692;672207513;4280;13439;54;106
twoGramOverlapNormalized;0.5;697;434178734;5587;18596;222;175;699;527753659;4320;13470;118;110
cosineFiveGramNormalizedTermFrequency;0.9;658;841537617;4489;17086;13;891;697;923439903;4092;13529;33;330
winnowingFiveGramLongestCommonSubsequenceNormalized;0.9;658;480957696;4194;17085;14;1186;697;1251039011;3894;13544;18;528
cosineThreeShingleNormalizedTermFrequency;0.9;538;503458063;3032;10755;5;813;667;651799474;3491;11117;16;466
cosineThreeGramNormalizedTermFrequency;0.6;679;786312511;5377;17949;85;218;699;815408339;4345;13528;60;85
cosineThreeShingleNormalizedNormalizedTermFrequency;0.9;538;504019141;3024;10754;6;821;667;658211167;3485;11118;15;472
threeGramJaccardNormalizedPadding;0.7;679;530165497;4961;18008;26;634;699;615408009;4199;13553;35;231
manhattanFourGramNormalized;0.5;665;795855816;5216;17369;72;229;699;862639684;4331;13534;54;99
manhattanTokenNormalized;0.5;699;327811587;5536;18734;87;229;699;327708791;4331;13538;50;99
winnowingFourGramLongestCommonSubsequenceNormalized;0.5;665;583308620;5067;17388;53;378;699;1363225878;4286;13543;45;144
fiveGramJaccard;0.5;665;450994843;5068;17440;53;385;699;576946257;4291;13544;44;139
cosineThreeShingleNormalizedBool;0.7;538;503156557;3492;10727;33;353;667;661519042;3743;11100;33;214
winnowingThreeGramOverlapNormalized;0.9;679;346263668;5226;17906;128;369;699;469413240;4211;13516;72;219
winnowingFiveGramDice;0.8;665;202578267;4832;17468;25;621;699;350749701;4177;13556;32;253
cosineTwoShingleNormalizedBool;0.3;616;563072097;4660;14402;89;91;692;676570568;4316;13425;68;70
levenshtein;0.4;699;2802542568;5519;18746;75;246;699;7980894825;4335;13531;57;95
threeGramJaccardNormalizedPadding;0.8;679;529531591;4746;18013;21;849;699;622958748;4096;13563;25;334
fiveGramDiceNormalizedPadding;0.5;658;489161519;5148;17030;69;232;697;629235372;4329;13508;54;93
cosineThreeGramNormalizedTermFrequency;0.5;679;787153660;5441;17936;98;154;699;820620578;4350;13516;72;80
winnowingFourGramJaccardNormalized;0.6;665;340205669;4902;17406;35;543;699;468836274;4230;13548;40;200
tokenDiceNormalized;0.3;670;507940349;5412;17650;108;111;699;596303619;4360;13511;77;70
winnowingFiveGramLongestCommonSubsequenceNormalized;0.4;658;481358721;5082;17037;62;298;697;1263728211;4301;13509;53;121
fourGramJaccardNormalizedPadding;0.6;665;542533144;4938;17404;37;507;699;645295071;4234;13549;39;196
cosineFiveGramNormalizedNormalizedTermFrequency;0.3;658;846804700;5276;16988;111;104;697;925142462;4357;13488;74;65
twoShingleJaccard;0.7;596;243636417;3812;13641;21;720;651;280583092;3512;11390;19;421
winnowingThreeGramJaccard;0.5;686;240373364;5316;18235;63;336;699;367034691;4319;13541;47;111
twoGramJaccardNormalizedPadding;0.4;697;475096038;5571;18714;104;191;699;562938309;4347;13521;67;83
optimalAlignment;0.4;699;8844867602;5519;18746;75;246;699;15898306230;4335;13531;57;95
fiveGramJaccard;0.6;665;452114207;4931;17456;37;522;699;572243700;4239;13551;37;191
damerauLevenshteinNormalized;0.4;699;11773054174;5520;18745;76;245;699;18401182266;4329;13527;61;101
fourGramJaccard;0.8;674;441847694;4664;17902;19;892;699;546514806;4069;13565;23;361
optimalAlignment;0.8;699;8826094832;4903;18796;25;862;699;15917200612;4086;13565;23;344
twoShingleOverlap;0.9;596;227750776;3958;13602;60;574;651;273562535;3503;11374;35;430
fiveGramOverlapNormalized;0.7;658;473467047;5184;16968;131;196;697;600284925;4283;13479;83;139
winnowingFourGramOverlapNormalized;0.6;665;336126636;5280;17317;124;165;699;464884688;4299;13494;94;131
winnowingTwoGramOverlap;0.5;699;241925412;5572;18602;219;193;699;361933512;4316;13473;115;114
twoGramJaccard;0.6;699;348492416;5425;18756;65;340;699;454432209;4311;13540;48;119
threeGramDiceNormalizedPadding;0.7;679;482033168;5215;17978;56;380;699;573966289;4291;13543;45;139
threeGramDice;0.5;686;363849535;5467;18208;90;185;699;469640771;4349;13521;67;81
cosineThreeShingleNormalizedBool;0.5;538;508032491;3673;10695;65;172;667;664814506;3835;11092;41;122
cosineThreeGramNormalizedNormalizedTermFrequency;0.6;679;789440738;5385;17953;81;210;699;817987087;4341;13532;56;89
winnowingFiveGramOptimalAlignmentNormalized;0.6;658;578879973;4836;17065;34;544;697;1482314927;4208;13524;38;214
fourGramDice;0.9;674;379076990;4616;17902;19;940;699;494420020;4043;13566;22;387
fiveGramJaccardNormalized;0.9;658;531672022;4173;17089;10;1207;697;648388013;3876;13544;18;546
fiveGramDice;0.4;665;384819958;5290;17401;92;163;699;514115352;4354;13523;65;76
cosineTokenNormalizedNormalizedTermFrequency;0.5;699;333033045;5593;18715;106;172;699;326806600;4347;13530;58;83
cosineFiveGramNormalizedBool;0.4;658;846131353;5246;17000;99;134;697;924059156;4351;13497;65;71
threeShingleOverlapNormalized;0.3;538;438989839;3772;10675;85;73;667;594154899;3859;11059;74;98
threeShingleJaccard;0.6;527;218068938;3133;10021;20;507;615;298588380;3244;10163;18;378
cosineThreeShingleNormalizedTermFrequency;0.5;538;504995270;3669;10698;62;176;667;660161109;3832;11093;40;125
levenshteinNormalized;0.5;699;2872712733;5422;18753;68;343;699;6090282308;4301;13536;52;129
manhattanFourGramNormalized;0.7;665;794654076;5000;17401;40;445;699;858110875;4260;13548;40;170
winnowingTwoGramOptimalAlignment;0.4;699;1965904593;5491;18749;72;274;699;5634967768;4324;13537;51;106
winnowingTwoGramLongestCommonSubsequence;0.7;699;1306182238;5103;18787;34;662;699;3788753767;4200;13559;29;230
fourGramOverlap;0.6;674;382979523;5407;17776;145;149;699;492596372;4333;13507;81;97
winnowingThreeGramOptimalAlignmentNormalized;0.7;679;967580334;4904;18006;28;691;699;2494652103;4172;13557;31;258
threeGramOverlapNormalized;0.3;679;479941538;5458;17849;185;137;699;571696357;4313;13467;121;117
manhattanThreeGramNormalized;0.8;679;773508660;4974;18006;28;621;699;810916953;4205;13555;33;225
winnowingFiveGramJaccard;0.5;665;211815203;5073;17440;53;380;699;362582856;4285;13542;46;145
threeShingleDice;0.6;527;213256449;3331;10009;32;309;615;287910790;3358;10152;29;264
manhattanFourGramNormalized;0.8;665;794533562;4805;17417;24;640;699;860222932;4195;13555;33;235
tokenDice;0.5;699;123247622;5530;18728;93;235;699;166140419;4299;13539;49;131
fourGramJaccardNormalized;0.8;665;523116323;4568;17425;16;877;699;631154540;4064;13564;24;366
threeGramDice;0.7;686;365975029;5297;18236;62;355;699;469671920;4302;13541;47;128
cosineFourGramNormalizedNormalizedTermFrequency;0.8;665;823548240;4914;17410;31;531;699;886225113;4232;13548;40;198
winnowingThreeGramLongestCommonSubsequence;0.6;686;736558459;5163;18257;41;489;699;2999703425;4244;13547;41;186
winnowingThreeGramDice;0.5;686;224829245;5454;18216;82;198;699;373452953;4351;13524;64;79
twoGramDice;0.3;699;317288782;5629;18651;170;136;699;422722145;4351;13490;98;79
winnowingFourGramOptimalAlignmentNormalized;0.4;665;733851671;5147;17381;60;298;699;1852459958;4303;13538;50;127
cosineFourGramNormalizedBool;0.3;665;822268677;5356;17328;113;89;699;878299513;4365;13516;72;65
winnowingTwoGramLongestCommonSubsequence;0.5;699;1310199426;5399;18757;64;366;699;3783839752;4304;13542;46;126
twoGramOverlapNormalized;0.3;697;438723108;5587;18582;236;175;699;531219329;4312;13455;133;118
twoShingleDiceNormalized;0.7;616;489706908;4348;14448;43;403;692;602204334;4178;13451;42;208
winnowingFiveGramDice;0.3;665;206698368;5314;17388;105;139;699;354468095;4372;13518;70;58
twoGramOverlapNormalizedPadding;0.4;697;441951173;5648;18624;194;114;699;541138146;4335;13474;114;95
winnowingFourGramOptimalAlignment;0.7;674;682655597;4859;17893;28;697;699;3069686130;4152;13562;26;278
tokenDice;0.8;699;122176945;5122;18782;39;643;699;159433066;4110;13565;23;320
tokenOverlapNormalized;0.4;670;501227178;5402;17598;160;121;699;581650872;4324;13485;103;106
winnowingFiveGramOptimalAlignment;0.5;665;515896250;5062;17441;52;391;699;3045924071;4269;13549;39;161
twoGramOverlapNormalized;0.8;697;431056608;5548;18631;187;214;699;525529523;4325;13503;85;105
cosineThreeShingleNormalizedNormalizedTermFrequency;0.8;538;503944740;3341;10742;18;504;667;652784801;3646;11107;26;311
optimalAlignment;0.9;699;8839728140;4651;18801;20;1114;699;15906937618;3942;13571;17;488
cosineFourGramNormalizedBool;0.7;665;819558510;5073;17387;54;372;699;875941290;4285;13544;44;145
winnowingFiveGramDiceNormalized;0.6;658;321185399;5023;17043;56;357;697;455177013;4285;13513;49;137
fourGramJaccardNormalized;0.7;665;525476458;4786;17418;23;659;699;635961269;4184;13554;34;246
fourGramJaccardNormalizedPadding;0.5;665;539903693;5069;17386;55;376;699;646380186;4294;13543;45;136
fourGramOverlapNormalized;0.3;665;472854962;5335;17282;159;110;699;594763274;4311;13470;118;119
optimalAlignment;0.6;699;8852371649;5302;18769;52;463;699;15776614775;4266;13552;36;164
threeGramJaccardNormalized;0.6;679;521603178;5147;17990;44;448;699;613366907;4264;13548;40;166
winnowingFourGramJaccardNormalized;0.7;665;339633051;4733;17418;23;712;699;467590267;4140;13556;32;290
cosineTwoShingleNormalizedTermFrequency;0.5;616;591910851;4567;14412;79;184;692;677679335;4283;13443;50;103
winnowingFourGramOverlapNormalized;0.7;665;330928772;5237;17319;122;208;699;463952080;4283;13501;87;147
twoGramDice;0.4;699;316795978;5627;18675;146;138;699;424471748;4358;13502;86;72
winnowingFourGramJaccardNormalized;0.3;665;341900713;5229;17364;77;216;699;475240568;4333;13533;55;97
cosineFourGramNormalizedTermFrequency;0.8;665;822465395;4945;17403;38;500;699;877382979;4257;13544;44;173
optimalAlignment;0.5;699;8839705354;5420;18754;67;345;699;15662436668;4305;13544;44;125
threeGramDice;0.9;686;360901472;4773;18277;21;879;699;465488081;4083;13567;21;347
threeShingleOverlap;0.3;528;212738129;3547;9969;72;93;615;291103316;3495;10136;45;127
winnowingThreeGramOptimalAlignment;0.5;686;1027622061;5268;18243;55;384;699;3681251519;4287;13546;42;143
winnowingFiveGramOverlap;0.4;665;205628798;5316;17346;147;137;699;356530549;4339;13493;95;91
levenshtein;0.3;699;2807078691;5576;18721;100;189;699;8011918499;4344;13518;70;86
tokenDice;0.7;699;122489573;5310;18768;53;455;699;160246063;4200;13549;39;230
threeGramDiceNormalized;0.7;679;471383244;5224;17978;56;371;699;573283324;4294;13541;47;136
cosineThreeShingleNormalizedBool;0.4;539;507589564;3720;10694;66;125;667;658114102;3860;11086;47;97
twoGramJaccardNormalized;0.7;697;466809221;5261;18775;43;501;699;551982850;4251;13549;39;179
tokenOverlapNormalized;0.6;670;502109472;5380;17615;143;143;699;601942525;4323;13500;88;107
winnowingFourGramLongestCommonSubsequence;0.8;674;512479692;4667;17899;22;889;699;2251439736;4067;13566;22;363
cosineFiveGramNormalizedTermFrequency;0.3;658;842367141;5259;16990;109;121;697;920913608;4347;13482;80;75
threeGramOverlap;0.9;686;364899888;5343;18165;133;309;699;466827534;4240;13523;65;190
winnowingThreeGramLongestCommonSubsequence;0.8;686;739350789;4781;18276;22;871;699;3001633724;4088;13566;22;342
threeGramJaccardNormalized;0.4;679;529390281;5361;17962;72;234;699;610540365;4331;13530;58;99
winnowingThreeGramJaccardNormalized;0.5;679;362333517;5238;17976;58;357;699;480930164;4295;13540;48;135
threeGramJaccard;0.6;686;418807783;5222;18248;50;430;699;529638070;4278;13550;38;152
threeShingleJaccardNormalized;0.6;539;445500105;3399;10737;23;446;667;601075023;3694;11108;25;263
winnowingFiveGramJaccardNormalized;0.5;658;333945687;4956;17052;47;424;697;462587245;4259;13517;45;163
winnowingThreeGramJaccard;0.7;686;239204948;5010;18268;30;642;699;365430667;4207;13558;30;223
fiveGramDiceNormalized;0.5;658;481131369;5151;17031;68;229;697;597613700;4326;13508;54;96
fourGramDiceNormalized;0.9;665;468550404;4513;17425;16;932;699;581827695;4049;13565;23;381
manhattanThreeShingleNormalized;0.4;538;501939657;3698;10697;63;147;667;658884075;3849;11091;42;108
threeGramDiceNormalized;0.6;679;470773905;5335;17965;69;260;699;571091627;4326;13533;55;104
winnowingThreeGramOverlap;0.8;686;227452292;5403;18136;162;249;699;353195301;4310;13517;71;120
cosineThreeGramNormalizedBool;0.3;679;792983173;5516;17912;122;79;699;823152709;4359;13504;84;71
winnowingThreeGramOverlap;0.5;686;230483289;5483;18113;185;169;699;356419571;4347;13497;91;83
threeShingleDiceNormalized;0.6;538;432259924;3573;10720;40;272;667;588457394;3779;11095;38;178
winnowingThreeGramOverlapNormalized;0.3;679;354639824;5465;17863;171;130;699;472801378;4307;13468;120;123
winnowingTwoGramDiceNormalized;0.6;697;364993741;5523;18737;81;239;699;474248497;4344;13528;60;86
cosineTokenNormalizedTermFrequency;0.8;699;329280378;5303;18763;58;462;699;328485469;4216;13552;36;214
fourGramOverlapNormalizedPadding;0.3;665;484366381;5364;17301;140;81;699;606553223;4342;13488;100;88
manhattanThreeGramNormalized;0.6;679;768467137;5303;17969;65;292;699;799804649;4316;13539;49;114
winnowingFourGramDiceNormalized;0.3;665;329504922;5300;17339;102;145;699;462189775;4359;13521;67;71
cosineThreeGramNormalizedTermFrequency;0.3;679;786437810;5496;17905;129;99;699;821316743;4355;13501;87;75
winnowingTwoGramOptimalAlignment;0.9;699;1963628228;4585;18800;21;1180;699;5633985726;3927;13570;18;503
levenshteinNormalized;0.6;699;2872788334;5309;18769;52;456;699;6086638070;4265;13547;41;165
longestCommonSubsequence;0.3;699;5174585067;5563;18682;139;202;699;11674273243;4336;13509;79;94
damerauLevenshteinNormalized;0.9;699;11769734839;4668;18802;19;1097;699;18009052107;3978;13569;19;452
winnowingThreeGramDiceNormalized;0.7;679;346304572;5189;17988;46;406;699;467914094;4278;13545;43;152
fiveGramDiceNormalized;0.7;658;470153505;4938;17057;42;442;697;613500838;4250;13522;40;172
cosineTwoGramNormalizedNormalizedTermFrequency;0.4;697;641826085;5644;18663;155;118;699;689427853;4354;13496;92;76
twoShingleDice;0.3;596;228332027;4378;13580;82;154;651;283080749;3826;11361;48;107
winnowingFiveGramDiceNormalized;0.8;658;321193448;4710;17075;24;670;697;452807763;4153;13528;34;269
fourGramOverlapNormalized;0.5;665;472790660;5316;17295;146;129;699;590078282;4314;13486;102;116
threeShingleDice;0.9;527;209132707;2750;10035;6;890;615;288819846;3043;10174;7;579
cosineThreeGramNormalizedTermFrequency;0.9;679;781807896;4873;18012;22;722;699;811894708;4174;13550;38;256
winnowingTwoGramJaccardNormalized;0.5;697;377882005;5473;18747;71;289;699;487294373;4330;13534;54;100
damerauLevenshteinNormalized;0.6;699;11741537198;5308;18768;53;457;699;18089493903;4265;13547;41;165
twoGramJaccard;0.8;699;349493095;5051;18793;28;714;699;447607372;4175;13559;29;255
winnowingFiveGramLongestCommonSubsequenceNormalized;0.8;658;483740318;4476;17081;18;904;697;1254061329;4045;13539;23;377
winnowingThreeGramLongestCommonSubsequence;0.5;686;737278076;5283;18241;57;369;699;2999923794;4295;13540;48;135
winnowingFiveGramJaccardNormalized;0.9;658;330106741;4126;17086;13;1254;697;468535058;3872;13547;15;550
twoGramOverlap;0.4;699;319346126;5596;18600;221;169;699;424863045;4318;13461;127;112
threeShingleJaccardNormalized;0.3;538;446656800;3671;10701;59;174;667;598014747;3836;11092;41;121
winnowingFourGramOptimalAlignment;0.4;674;680333376;5271;17858;63;285;699;3073477422;4313;13538;50;117
fourGramOverlapNormalized;0.9;665;470307207;5097;17323;118;348;699;595839204;4190;13514;74;240
threeGramDice;0.3;686;366044706;5548;18178;120;104;699;474579266;4365;13508;80;65
twoGramOverlapNormalized;0.6;697;437017231;5585;18607;211;177;699;534068954;4324;13477;111;106
winnowingTwoGramDice;0.6;699;236297352;5547;18735;86;218;699;388966517;4347;13526;62;83
tokenOverlap;0.8;699;126881908;5420;18697;124;345;699;160682765;4206;13536;52;224
tokenJaccardNormalized;0.4;670;559840409;5283;17691;67;240;699;629373404;4326;13533;55;104
winnowingFourGramDice;0.6;674;211317485;5263;17853;68;293;699;354352787;4328;13540;48;102
twoGramJaccard;0.9;699;347464450;4736;18800;21;1029;699;446913794;4023;13569;19;407
winnowingFiveGramDice;0.6;665;202439512;5136;17430;63;317;699;349352952;4310;13540;48;120
cosineFiveGramNormalizedBool;0.3;658;852829617;5278;16989;110;102;697;988728047;4359;13491;71;63
cosineTokenNormalizedBool;0.8;699;329469561;5200;18780;41;565;699;325247865;4151;13559;29;279
cosineFourGramNormalizedBool;0.9;665;818572432;4528;17425;16;917;699;874292301;4052;13565;23;378
cosineThreeShingleNormalizedNormalizedTermFrequency;0.4;538;506124855;3720;10695;65;125;667;662340414;3859;11087;46;98
twoShingleDice;0.4;596;227860385;4334;13587;75;198;651;274686063;3802;11366;43;131
twoShingleOverlap;0.5;596;231694144;4397;13574;88;135;651;278688919;3799;11353;56;134
twoGramDiceNormalized;0.3;697;435810885;5635;18659;159;127;699;529652130;4344;13488;100;86
cosineTwoGramNormalizedBool;0.6;697;633915187;5596;18722;96;166;699;690303461;4348;13521;67;82
cosineFourGramNormalizedNormalizedTermFrequency;0.3;665;824239506;5357;17325;116;88;699;889110985;4361;13509;79;69
cosineTwoGramNormalizedNormalizedTermFrequency;0.9;697;631767186;5148;18782;36;614;699;679484260;4199;13550;38;231
winnowingFourGramLongestCommonSubsequenceNormalized;0.9;665;583352288;4270;17428;13;1175;699;1359234212;3924;13571;17;506
winnowingTwoGramLongestCommonSubsequence;0.3;699;1307262724;5569;18731;90;196;699;3785465827;4342;13522;66;88
fiveGramJaccard;0.3;665;451075972;5258;17408;85;195;699;573910059;4345;13527;61;85
winnowingFiveGramJaccardNormalized;0.8;658;330550430;4416;17082;17;964;697;464082731;4004;13540;22;418
fiveGramDiceNormalized;0.8;659;474502419;4758;17074;25;622;697;604168267;4175;13526;36;247
fourGramDiceNormalized;0.4;665;477818908;5287;17345;96;158;699;597557033;4353;13524;64;77
manhattanTwoShingleNormalized;0.8;617;554966040;4189;14463;28;562;692;666307307;4103;13465;28;283
threeGramJaccard;0.4;686;420645630;5427;18218;80;225;699;512513433;4340;13529;59;90
winnowingFiveGramJaccardNormalized;0.7;658;330713468;4638;17078;21;742;697;463324107;4114;13531;31;308
fiveGramJaccardNormalizedPadding;0.3;658;549328317;5179;17019;80;201;697;672420829;4330;13503;59;92
fourGramJaccardNormalizedPadding;0.3;665;541760593;5256;17352;89;189;699;653326661;4342;13528;60;88
levenshtein;0.9;699;2809243158;4651;18801;20;1114;699;7989232171;3942;13571;17;488
longestCommonSubsequenceNormalized;0.9;699;5285459195;4693;18802;19;1072;699;8266504262;3997;13570;18;433
fourGramDice;0.3;674;385703200;5437;17814;107;119;699;500531435;4369;13514;74;61
winnowingTwoGramOptimalAlignment;0.7;699;1983823666;5084;18788;33;681;699;5625098967;4178;13560;28;252
fourGramOverlapNormalizedPadding;0.6;665;490391184;5324;17325;116;121;699;601451788;4346;13516;72;84
winnowingThreeGramOverlapNormalized;0.6;679;348884300;5428;17889;145;167;699;471020355;4307;13495;93;123
manhattanThreeShingleNormalized;0.3;538;506423564;3728;10693;67;117;668;652562488;3873;11087;46;84
cosineFiveGramNormalizedNormalizedTermFrequency;0.6;658;849434947;5111;17034;65;269;697;922116018;4314;13509;53;108
cosineTokenNormalizedBool;0.4;699;330669870;5631;18707;114;134;699;328594835;4357;13528;60;73
cosineFiveGramNormalizedBool;0.8;658;842311776;4791;17072;27;589;697;916165284;4183;13525;37;239
cosineTwoShingleNormalizedTermFrequency;0.6;616;560461645;4500;14430;61;251;692;678273865;4245;13443;50;141
threeGramJaccardNormalizedPadding;0.3;679;530400486;5427;17939;95;168;699;623265671;4346;13521;67;84
winnowingTwoGramLongestCommonSubsequenceNormalized;0.4;697;1168876868;5488;18744;74;274;699;3020136050;4333;13535;53;97
winnowingFourGramJaccard;0.6;674;224773604;5063;17880;41;493;699;362040728;4251;13551;37;179
winnowingFourGramOptimalAlignmentNormalized;0.3;665;730741633;5219;17369;72;226;699;1844084451;4320;13533;55;110
winnowingTwoGramLongestCommonSubsequenceNormalized;0.6;697;1166792650;5279;18772;46;483;699;3042627708;4267;13551;37;163
twoGramDiceNormalizedPadding;0.7;697;435209735;5465;18745;73;297;699;530667324;4328;13536;52;102
fourGramJaccard;0.6;674;443466932;5075;17880;41;481;699;547565928;4258;13550;38;172
cosineThreeGramNormalizedBool;0.5;679;787657495;5446;17937;97;149;699;813982316;4348;13523;65;82
winnowingFiveGramOptimalAlignment;0.9;665;516413806;4275;17478;15;1178;699;3044871297;3889;13574;14;541
winnowingFourGramOverlap;0.4;674;215028273;5413;17750;171;143;699;354144558;4338;13491;97;92
fourGramJaccardNormalized;0.3;665;526970765;5260;17356;85;185;699;634640835;4344;13529;59;86
manhattanThreeShingleNormalized;0.7;538;499035980;3464;10729;31;381;667;654708714;3732;11107;26;225
winnowingThreeGramOverlap;0.7;686;227508734;5446;18139;159;206;699;352145503;4335;13513;75;95
cosineThreeShingleNormalizedTermFrequency;0.7;538;503752606;3500;10724;36;345;667;687943428;3750;11100;33;207
threeShingleJaccardNormalized;0.9;538;442544490;2802;10758;2;1043;667;595041177;3371;11123;10;586
fiveGramOverlapNormalized;0.9;658;474117678;5003;16985;114;377;697;600184576;4154;13489;73;268
fiveGramJaccard;0.8;665;453685758;4524;17478;15;929;699;571443960;4045;13565;23;385
