ContentNormalizedHash,LinkedPostId,LinkedPostTypeId,PostCount
7553403334770970112,20131632,1,1
1226786905349871872,25483508,1,1
3618201335026098177,4998908,1,2
4900069090413401601,30644264,1,1
4900069090413401601,11490429,1,1
4900069090413401601,23974096,1,1
4900069090413401601,23877293,1,1
5593403754498681346,129677,1,1
5593403754498681346,2822774,1,1
5593403754498681346,8465776,1,1
5593403754498681346,7654436,1,1
5593403754498681346,1886740,1,1
5593403754498681346,60174,1,1
-5804161753355588349,7963561,1,2
-8970473004017065724,498805,1,1
-8970473004017065724,5611724,1,6
-8970473004017065724,950051,1,2
9220454989308040709,14053484,1,1
5242029616681564421,12471664,1,1
5242029616681564421,7901941,1,1
5242029616681564421,9053864,1,1
-8211880677429254138,18188694,1,1
5568032571789595910,27256904,1,1
5568032571789595910,25884010,1,1
5568032571789595910,35702975,1,1
5568032571789595910,25330084,1,1
5568032571789595910,24741816,1,1
5568032571789595910,28623468,1,1
-1117253405643307513,2170214,1,1
-4233540279066010617,26500429,1,1
-4233540279066010617,10453343,1,1
-7588758993476471289,13103070,1,1
-7588758993476471289,8242749,1,1
-7588758993476471289,11135166,1,1
-7588758993476471289,9055460,1,1
-7588758993476471289,2779002,1,1
-5190882443615771640,593388,1,1
5984593276367133448,26416248,1,1
5984593276367133448,26615416,1,2
5984593276367133448,7462202,1,1
-1597356366449470711,7806056,1,1
-6943120957273385975,5061880,1,1
-6943120957273385975,1698464,1,1
-6943120957273385975,12448912,1,1
5398248008834244106,7534241,1,1
6390768111013488650,11858864,1,1
8674147465613575946,8874702,1,1
-1167812417924453365,18685702,1,1
-1167812417924453365,17643897,1,1
-1167812417924453365,18277968,1,1
1135874156496873483,50467,1,2
3670242486759002124,10716592,1,1
8998283044902737676,3166501,1,1
2243350295873792780,14109926,1,1
2243350295873792780,2486191,1,1
-819487816404877556,3135871,1,1
-819487816404877556,1979957,1,1
-819487816404877556,19690267,1,1
-819487816404877556,36917254,1,1
-4325775403810697204,3846595,1,1
-480787075057052915,7808729,1,1
-4530500662269963507,98610,1,1
6768126894504969486,15850845,1,1
-8180140525805239025,3767790,1,1
8561554908718537231,8516356,1,1
6689846282472037647,826782,1,1
6689846282472037647,16805684,1,1
-8885016811726852081,208736,1,2
-8885016811726852081,8933054,1,1
4355711012677676304,5443166,1,1
8886671393076292113,14894311,1,1
-3278343091150947823,6939739,1,2
-3278343091150947823,29018742,1,1
-3278343091150947823,49184358,1,1
-3278343091150947823,38043509,1,2
-3278343091150947823,13514990,1,1
-3324040808761738479,3759861,1,1
-6995110539257648111,24708340,1,1
-6995110539257648111,26646683,1,2
-6995110539257648111,1472982,1,1
-6995110539257648111,3843243,1,1
-6995110539257648111,118884,1,1
-6995110539257648111,3717799,1,1
-6995110539257648111,13149418,1,1
-6995110539257648111,7277154,1,1
-6995110539257648111,49267582,1,1
-6995110539257648111,12951357,1,1
-6995110539257648111,139889,1,1
-6995110539257648111,20262348,1,1
-6995110539257648111,9585844,1,1
-6995110539257648111,3694240,1,1
-6995110539257648111,14825980,1,1
-6995110539257648111,4167539,1,1
-6995110539257648111,869092,1,1
-6995110539257648111,16367046,1,1
-6995110539257648111,14532520,1,2
-6995110539257648111,18352682,1,1
-6995110539257648111,19400749,1,2
5659630813405782802,2772014,1,2
5659630813405782802,5741187,1,1
5659630813405782802,60174,1,5
5659630813405782802,30245973,1,1
5659630813405782802,17498216,1,1
-5893224209381736174,14974730,1,1
-641033561627932653,112190,1,1
1966019011790069011,38584143,1,1
1966019011790069011,23397763,1,1
1966019011790069011,26700910,1,1
8344366672067004180,25830434,1,1
-3989430585593840876,3765998,1,1
-980126686617744876,8112715,1,2
-980126686617744876,4743116,1,1
2611489499297189909,5733101,1,1
-968152397091188202,15843446,1,1
-8670032816169848297,33209631,1,1
-8670032816169848297,46949761,1,1
-8670032816169848297,33717886,1,1
-8670032816169848297,46982823,1,1
6156892933403295767,1401526,1,1
-1586063523230759912,359494,1,2
1553857851185318168,5757386,1,1
1553857851185318168,1133248,1,2
1553857851185318168,9872975,1,1
-2567645935993009640,14663346,1,1
-5144109333645272552,17488660,1,1
-5144109333645272552,8900587,1,1
-5144109333645272552,11338774,1,1
-5144109333645272552,1184624,1,3
-8250842239407807463,14573223,1,1
-8250842239407807463,23127498,1,2
-8250842239407807463,9948284,1,2
725673859950325017,7546224,1,1
5055747954467695385,4001805,1,1
-4498762445269730279,35922613,1,1
-3479208485730801383,11990270,1,1
2851325395112093209,51164180,1,1
2851325395112093209,20499148,1,1
4803769634772348697,37918466,1,1
1064221320172880410,37462087,1,1
1064221320172880410,33203379,1,1
-5246819627672708070,30904138,1,1
303577259144866842,2236873,1,1
-3322313055139720933,34065037,1,2
1048732517164784411,38196758,1,1
-628298954223752933,476679,1,4
-4031026112070684645,2010892,1,3
-6997140331273651941,27928,1,2
3369671811237814814,5149683,1,1
3369671811237814814,263743,1,4
1466027108249868062,1555145,1,2
-780964821101328354,21285384,1,1
-780964821101328354,21343846,1,1
-780964821101328354,18455747,1,1
-3857034226562567394,218384,1,1
4731068297936768031,329059,1,1
1761751086378068511,10124919,1,1
-3118641172659757280,5131491,1,1
6661544818870812448,22153921,1,1
5034096954130337312,6304040,1,1
-8295062948747500768,5445085,1,1
-8295062948747500768,15852122,1,1
9098621408256724257,5658675,1,1
9098621408256724257,10122570,1,1
9098621408256724257,5908492,1,1
9098621408256724257,6250580,1,1
-250038347008433119,12301358,1,3
5244161642114990113,5484215,1,1
6248380013441939233,15828,1,1
6248380013441939233,7244971,1,1
-6302901637247619551,9866962,1,1
-6302901637247619551,2642551,1,1
-7687823803844673247,41225720,1,1
-3577691922384370143,7977126,1,1
-8535354466511593438,14643441,1,1
9081141521174540578,352467,1,1
9081141521174540578,3226167,1,1
9081141521174540578,4532733,1,1
9081141521174540578,1537223,1,1
9081141521174540578,4840504,1,1
9081141521174540578,572768,1,1
2617362622770643235,7739566,1,1
-3666349143238052829,7680714,1,1
-3666349143238052829,4963773,1,1
7637588500400849188,13899801,1,1
-1111712666888857051,1515639,1,1
5513572978798038566,15819920,1,1
-7455843897386628058,26720759,1,1
-7455843897386628058,14483393,1,1
-7455843897386628058,21814825,1,1
-7455843897386628058,2176922,1,1
-8321004628529888985,14394366,1,1
4903803461444107303,9650265,1,2
4903803461444107303,35513809,1,1
-6021568359257174232,2310498,1,1
-6021568359257174232,2414117,1,1
-4835623846603729880,18573774,1,1
-4835623846603729880,477572,1,1
473539203315401257,10351423,1,1
6840934484647743529,18250951,1,1
6840934484647743529,17900732,1,1
879902762332944681,10071207,1,1
-8643042851013359831,3115918,1,1
1685376566555752745,33835088,1,1
7344402029632643370,16331037,1,1
-2661933675689371862,31726834,1,1
-2661933675689371862,33563153,1,1
-2661933675689371862,21112832,1,1
-2661933675689371862,39298210,1,1
-2661933675689371862,32288895,1,1
-2661933675689371862,38042866,1,1
-2661933675689371862,37418607,1,1
-2661933675689371862,32708665,1,1
-2661933675689371862,37099706,1,1
-2661933675689371862,29790070,1,1
-1424305851167349718,18532581,1,1
-1424305851167349718,31573094,1,1
-1424305851167349718,20678204,1,1
-4545597862861601492,13254561,1,1
-4545597862861601492,16161448,1,2
-2231196124770918356,43884214,1,1
2204849264891735084,10500775,1,1
2204849264891735084,1609899,1,1
2204849264891735084,116650,1,1
956949101425284908,37860664,1,1
956949101425284908,23535316,1,1
2509363074409600300,10914576,1,2
-5203307082139139026,2306870,1,2
-5203307082139139026,11103227,1,1
-22307040989154770,20909778,1,1
-6161109378908146385,2450954,1,6
-5918505955679228113,2139134,1,1
-5918505955679228113,3785082,1,1
-5918505955679228113,4878159,1,1
5925919650923261999,8366976,1,1
6805043263181932335,10517268,1,1
6805043263181932335,14687698,1,1
6805043263181932335,4412623,1,1
6805043263181932335,4392610,1,1
6805043263181932335,13108466,1,1
6805043263181932335,12338763,1,1
6805043263181932335,33941751,1,1
7677483205514250288,3665115,1,1
-3589481019889462736,31915957,1,1
-3589481019889462736,42455270,1,1
-5163185138584943312,6452881,1,1
-4947475959442692815,1638238,1,1
-5023290669852825039,3331527,1,1
-5023290669852825039,8112715,1,1
5514243836919639602,19558713,1,2
5514243836919639602,25719620,1,2
5514243836919639602,11820266,1,2
5514243836919639602,20441644,1,2
5514243836919639602,32244851,1,1
7946470495601475890,14946291,1,1
3115806598215551026,5443691,1,1
4004603274755100722,13716723,1,1
-5424967405858791886,634995,1,1
2190835744740298547,167074,1,1
3636266746240266803,21114211,1,1
3636266746240266803,574594,1,3
5198280170520606259,37055005,1,1
5198280170520606259,6336517,1,1
5198280170520606259,12268835,1,1
-5913482374625519821,4825683,1,1
6578608517324983091,14260555,1,1
-5874819563899916237,7136827,1,1
-5874819563899916237,10413659,1,1
4868597549705666100,42455270,1,1
4868597549705666100,31915957,1,1
1691274626063607860,18712338,1,1
-3068550973733841100,42294,1,3
2607708464513396788,25719620,1,1
2607708464513396788,26561282,1,1
2607708464513396788,18250951,1,1
2607708464513396788,17900732,1,1
-3768774969875116236,8336178,1,1
-3768774969875116236,1557258,1,1
370910581288000052,7196398,1,1
370910581288000052,9222851,1,1
1710944583628852021,9465560,1,2
8819135124781078838,5968196,1,1
8819135124781078838,8109437,1,1
5226607672939222838,6965050,1,1
8945168738581962807,167531,1,1
-7919304675635047369,31548699,1,1
-7919304675635047369,32254634,1,1
6928147289257989943,21814825,1,1
-8798156796475072968,8844868,1,1
-6412879073218958792,1151987,1,3
-6412879073218958792,9509721,1,1
1976363369162373176,4326845,1,2
1976363369162373176,7571370,1,1
2631141470443372344,8554043,1,5
4374129584526958904,7170496,1,1
6530195285397710392,6534904,1,2
3751777674472440632,151777,1,3
452051423889555257,8348139,1,1
452051423889555257,6031412,1,2
8397356866380941881,11881198,1,1
8397356866380941881,1151987,1,3
6793722904395758138,10474740,1,1
6793722904395758138,869092,1,1
-2132347228577400006,12251005,1,1
-6294903508073047493,8554043,1,1
-5039207438188682693,15039913,1,1
-5039207438188682693,18367522,1,1
-6153599208066316228,55360,1,1
-6153599208066316228,14854359,1,1
-6153599208066316228,917688,1,1
-3562662806662909636,9796933,1,1
1643676730726782524,8988855,1,3
5723056846497621308,1450445,1,1
5915067452802597437,2471935,1,1
5915067452802597437,1945201,1,1
-6809949739587341507,26761199,1,1
-6809949739587341507,15246039,1,1
6335604056650062910,14573223,1,1
-8302985830647815874,24584970,1,1
-6151774530606801858,11417837,1,1
-6714517673976532930,12301358,1,1
-440506438390186178,8028957,1,1
-1327514055596100033,5189238,1,1
-1327514055596100033,5587740,1,1
5459181342720342591,11473632,1,1
5459181342720342591,5068770,1,1
-100547125915170496,2101540,1,1
5755817949112489280,26180066,1,1
-8758239172210118335,14395682,1,1
6332063518192935490,9335169,1,1
4934216631271990594,34933091,1,1
4934216631271990594,38042866,1,1
4934216631271990594,34820709,1,1
4934216631271990594,27170718,1,1
4934216631271990594,21814825,1,2
4934216631271990594,32376815,1,1
4934216631271990594,6867076,1,1
4934216631271990594,18063395,1,1
7074796354714224707,5841710,1,1
7074796354714224707,14248787,1,1
482858930350027587,9861182,1,1
482858930350027587,6493517,1,2
-4530291071215631805,2658738,1,1
-649551440668001213,43713605,1,1
-1179369658870720186,22288951,1,1
-1179369658870720186,36131936,1,1
4048909772550117958,41748014,1,1
4048909772550117958,29181671,1,1
1080141278840902214,711418,1,5
8103950459349399366,5419134,1,3
-1345619487770553530,14382954,1,1
2730287662789882950,10376537,1,1
-1864446260580580025,5928046,1,1
-1864446260580580025,20863489,1,1
-1864446260580580025,2760701,1,1
-1864446260580580025,14018215,1,1
-1864446260580580025,11227464,1,2
-1864446260580580025,2683308,1,2
-1864446260580580025,1413930,1,1
-1864446260580580025,25639188,1,2
-1864446260580580025,2491966,1,1
-1864446260580580025,39968752,1,1
-1864446260580580025,3068637,1,1
-3209080177437784249,34438463,1,1
-3209080177437784249,34420590,1,1
-5422164574526363575,16870416,1,1
2696803902754219593,18003065,1,1
-6217000793024599479,15590702,1,1
-4054220974196994231,27364565,1,6
-5151139722399446198,27532167,1,1
-5151139722399446198,26505632,1,1
-5151139722399446198,26574138,1,1
-8751288005763294901,4238921,1,1
-5920190979609061299,2310558,1,2
-5920190979609061299,10112530,1,1
-3788590211217673651,15767537,1,2
-123215733345988019,40822173,1,1
-123215733345988019,21814825,1,2
5441000940418799181,17792419,1,1
5441000940418799181,3387322,1,1
5422739124742375245,20212725,1,1
5422739124742375245,15556035,1,1
7667471695298747981,33327442,1,1
7667471695298747981,26609734,1,3
7667471695298747981,4638939,1,2
7667471695298747981,29045129,1,1
3781098201932721486,33106349,1,1
3781098201932721486,29790070,1,1
3781098201932721486,29284236,1,1
3781098201932721486,27170718,1,1
1556355807896594766,11562051,1,1
1556355807896594766,1574654,1,1
1556355807896594766,12211837,1,1
7280171427922971215,1979957,1,1
7280171427922971215,30737617,1,1
7280171427922971215,22405212,1,1
7280171427922971215,21734564,1,1
-2517884606779617969,35702975,1,1
-4542476488289437873,48124,1,1
-4542476488289437873,4003823,1,2
-4542476488289437873,1349404,1,1
-4542476488289437873,10726909,1,1
8443910272787934287,2647,1,1
5957081929987728976,22756796,1,1
5957081929987728976,17855846,1,2
5957081929987728976,1611506,1,1
5957081929987728976,2354633,1,2
8711398788642487888,1776827,1,1
8711398788642487888,7379428,1,1
8711398788642487888,712392,1,2
-186790747158417584,2531650,1,1
-8500416074830381488,101693,1,1
654106175799683921,3546025,1,1
654106175799683921,48129029,1,1
654106175799683921,8076439,1,1
654106175799683921,28661285,1,1
-1181578339402973871,21399586,1,1
-1181578339402973871,20454441,1,1
-7521955287645618607,22201252,1,1
-7521955287645618607,26870273,1,1
8605298275508961107,1187117,1,1
8605298275508961107,26525320,1,1
8605298275508961107,38715473,1,1
-4416141530805879212,1021324,1,1
4565704528459550548,8024706,1,2
7770667660948488789,8841240,1,1
8677772571124588629,23353173,1,1
6264920014401992533,20278555,1,1
-11398081000933035,27323723,1,1
-8899744675667268779,18229589,1,1
-8899744675667268779,17463634,1,1
4123317241613257814,2916995,1,1
2218388136459297622,8283459,1,1
6181353185736115287,4955635,1,2
-111703230935110568,12626112,1,1
-111703230935110568,6776327,1,1
-111703230935110568,5606685,1,1
-111703230935110568,3527621,1,1
2020751897836456537,4468669,1,1
-4414541348095911591,179355,1,1
4161934688601774425,20882622,1,1
4161934688601774425,2479046,1,1
-3802785138574285991,5861661,1,1
4531207573541184601,19741221,1,1
4531207573541184601,14348689,1,1
6887951147920826713,36280818,1,2
6887951147920826713,1588306,1,1
-5341302222615298471,18245140,1,2
-5341302222615298471,21530577,1,1
-352142113711918503,12931276,1,1
-1569973512939427494,2518256,1,2
7440777685210140250,11061058,1,1
7440777685210140250,753052,1,2
7440777685210140250,9662346,1,1
-1700737124104563622,20062732,1,1
-1700737124104563622,1683531,1,1
-1700737124104563622,2816369,1,1
-567534134925321381,7864371,1,2
-567534134925321381,17763457,1,1
633084753477274715,15154309,1,1
633084753477274715,19737907,1,1
633084753477274715,44458268,1,1
-3902865592403314597,9619030,1,1
-3902865592403314597,43933459,1,1
-3902865592403314597,21076179,1,1
5067792984227256412,11012556,1,1
-6471935086363089572,30911861,1,1
5997395188849775965,2459916,1,1
5997395188849775965,14473113,1,1
5997395188849775965,9517434,1,1
4477949291333275229,5376421,1,1
8431770220826595166,17902483,1,2
4877082238164021598,4083221,1,1
1348837061248663390,14655969,1,1
1348837061248663390,40207011,1,1
-1294249794473612193,472906,1,4
5547892073348085343,9603093,1,1
5547892073348085343,36310915,1,1
5247374047557490783,18516131,1,1
5247374047557490783,2213340,1,1
-3725190622441275296,6334323,1,1
-4167712752706342560,27904594,1,1
27483414605839456,19763039,1,1
27483414605839456,19959406,1,1
-64292270584248480,2610497,1,1
-9190772704999837344,6370690,1,1
-9190772704999837344,11381673,1,1
-9190772704999837344,11317038,1,1
-9190772704999837344,16443380,1,1
-9190772704999837344,13847755,1,1
-9190772704999837344,4189868,1,2
-4181137884759520671,7500994,1,1
1090486747863262817,28597903,1,1
1090486747863262817,14413982,1,1
1090486747863262817,14572844,1,1
1090486747863262817,20984414,1,1
-5261308963395901855,3967515,1,1
-5261308963395901855,5889345,1,1
2110653253515574881,9323279,1,1
2110653253515574881,10024739,1,1
2110653253515574881,16221195,1,1
-5194176476170190495,18133136,1,1
-5194176476170190495,13408709,1,1
-1224757117588035231,2661536,1,1
-1224757117588035231,4821488,1,1
-5148189953375802271,20143889,1,1
-565206774018189214,11970293,1,1
3807539748699704931,40885860,1,1
5445529210620187491,27044564,1,1
-4037387600730148765,17046451,1,1
-4037387600730148765,8442147,1,3
-1385177165781808541,676824,1,1
-8110747859698983069,44950859,1,1
-2423624690899553692,25164849,1,1
5289815065295403365,14896768,1,1
5289815065295403365,3721963,1,1
4117132196062715494,34579087,1,1
7134208017393955686,14195206,1,1
7134208017393955686,3035692,1,2
7134208017393955686,11252067,1,1
-2770307900678323353,21724420,1,2
6967341398740471399,39823199,1,1
-982423281372053913,6775257,1,1
-982423281372053913,6694391,1,2
8135587658710242663,6422969,1,1
1356255378487082088,12946476,1,1
1356255378487082088,5009565,1,1
-7197076283065519512,24004791,1,1
-5804882520571461528,5151591,1,1
-3469573221612927896,3401579,1,6
-699561143147243159,30046979,1,1
-699561143147243159,30080810,1,1
-699561143147243159,3732608,1,1
-699561143147243159,10776599,1,1
-699561143147243159,4812755,1,2
-699561143147243159,6535676,1,1
-699561143147243159,13217635,1,1
-699561143147243159,3541077,1,1
-699561143147243159,4928271,1,2
-942246109100182167,529085,1,1
-4578057125157179541,1373100,1,1
-4578057125157179541,119271,1,1
-4578057125157179541,1206138,1,1
4953049198258192747,23578778,1,1
4953049198258192747,40469762,1,1
4440086786074050923,826782,1,7
727285489237949035,14555996,1,1
-619628459718726292,29782915,1,1
-619628459718726292,28922248,1,1
3419556399991003500,4804873,1,1
-4877054110143492244,15556499,1,1
-4877054110143492244,22909010,1,1
-5965290894543690900,16296145,1,1
-5965290894543690900,25753754,1,1
6743808036637724269,27504256,1,1
2396693750051501421,6607550,1,1
-558975363934009234,6898779,1,1
8588969088752344174,5066866,1,1
7873537534259948654,3859502,1,1
4985552375155914606,1366544,1,1
-946935039855232146,26570147,1,1
-946935039855232146,33116498,1,1
-946935039855232146,31704032,1,1
-946935039855232146,30074388,1,1
8518432093966318447,6424853,1,1
8518432093966318447,1809507,1,1
6255945052652143727,25773005,1,1
6255945052652143727,18337407,1,1
6255945052652143727,4909072,1,1
-7525906742119775377,16677528,1,1
-7525906742119775377,33678276,1,1
-7525906742119775377,14168836,1,1
8224364020572950896,9530505,1,1
8224364020572950896,6356467,1,1
8224364020572950896,6337217,1,2
-4810190735234876816,11380313,1,1
-2874765567253067920,12242443,1,1
-3243048699615935376,35091875,1,1
2279289630310768752,32802202,1,1
2279289630310768752,4669523,1,1
-5934077648593499536,25228056,1,2
-3587914448657711504,2658738,1,2
1465671169947795569,20842849,1,1
1465671169947795569,23487510,1,1
6303635585760376689,33034660,1,1
6303635585760376689,36004926,1,1
6303635585760376689,34928565,1,1
-1115924192133286799,6865249,1,1
-5010039037868343438,31693,1,1
-8032845880830283662,25770119,1,1
-7661751610279866510,4878159,1,1
-7661751610279866510,6567647,1,1
-7661751610279866510,26244593,1,1
1541396137120947826,21345022,1,1
1541396137120947826,28661285,1,1
-2089046695494149517,4437991,1,2
-2089046695494149517,12571026,1,1
-2089046695494149517,8726534,1,1
-7174676460007568268,4344533,1,1
-2804320764481788044,20858591,1,1
-2804320764481788044,19368859,1,1
-2804320764481788044,20812882,1,1
-2804320764481788044,4992237,1,1
-2804320764481788044,5531655,1,1
-86495152830568076,8278492,1,2
6410966222721563764,2039522,1,1
-6893889402887287436,6856524,1,1
-6893889402887287436,34646977,1,1
-6893889402887287436,19760270,1,1
2842579097558266230,9409195,1,1
1271485282244516726,20827885,1,1
5793877027364145271,7521027,1,1
5793877027364145271,21087435,1,1
4893038618848956279,11438910,1,1
4893038618848956279,13465052,1,1
-5350814043609573001,573872,1,1
1587549553327016056,10473823,1,1
6760976372025639288,23877293,1,1
6760976372025639288,23974096,1,1
-528812756776482439,29907615,1,1
-528812756776482439,30180052,1,1
-528812756776482439,18063395,1,1
-8333867457402531207,19096608,1,1
-8333867457402531207,10339887,1,1
-8333867457402531207,9543219,1,1
6443263589427355769,18958113,1,1
-5513648734055253383,1377336,1,1
-5513648734055253383,2176922,1,4
-5513648734055253383,1819508,1,1
-5666125150810703238,4894954,1,1
-5666125150810703238,11021551,1,1
-5666125150810703238,2642777,1,1
5416816721084130682,27403571,1,1
3240202434633445242,8028957,1,2
3240202434633445242,24644436,1,1
3240202434633445242,5935087,1,1
3240202434633445242,7381150,1,1
3240202434633445242,4652566,1,1
-5781106196180706182,12535101,1,3
-5781106196180706182,26539445,1,1
-5781106196180706182,3644144,1,2
-5781106196180706182,11555366,1,1
-8884391205729672582,15209831,1,1
-8884391205729672582,33717886,1,1
-8884391205729672582,28640314,1,1
-8884391205729672582,26515378,1,2
-224076515083087493,31816095,1,1
-224076515083087493,11408934,1,1
-2863627873509093252,18244223,1,1
-2478405543156205700,216007,1,1
-2478405543156205700,44333703,1,1
-2478405543156205700,1248423,1,1
-5025764643308192900,17760299,1,2
-6175032599691885187,22533963,1,1
-6175032599691885187,5431365,1,1
-6175032599691885187,29969086,1,1
-6175032599691885187,9684440,1,1
-8956369192829796995,5222814,1,1
-8956369192829796995,5643635,1,1
-8956369192829796995,5083682,1,1
-8956369192829796995,2419749,1,1
-232862851610761346,44796613,1,1
-232862851610761346,26302770,1,1
-232862851610761346,30644343,1,1
-232862851610761346,37899712,1,1
-1016134056818339970,10629882,1,1
-1016134056818339970,218057,1,1
-1016134056818339970,17947975,1,6
-1016134056818339970,4710411,1,1
-6003142377486436994,22355058,1,1
2952759288944387966,773690,1,1
-2356333178693321345,2094694,1,1
-2356333178693321345,4631710,1,1
-2356333178693321345,9165664,1,1
-178870204133339776,17757424,1,1
-2272836203091388032,11532636,1,2
-6861024334150281856,28838261,1,1
-6861024334150281856,4069903,1,1
2483067586322456960,5723945,1,1
4408817727148369792,6690530,1,1
-3492081452034100608,26926727,1,1
-2692339402505620351,6953516,1,1
-2692339402505620351,19225618,1,1
652147386956035713,2938502,1,1
652147386956035713,9767952,1,1
-1934806127534672767,2077711,1,1
-1934806127534672767,2133026,1,1
-1934806127534672767,2024150,1,1
-8713941500504199550,3177733,1,1
1631238910919519363,5409259,1,1
1631238910919519363,14530928,1,1
1631238910919519363,24452264,1,1
387016357081707139,32260,1,5
-8495387857218759036,9509721,1,1
3488232559458684292,593388,1,1
3488232559458684292,1588306,1,1
-2708490482410072700,23820949,1,1
-2988942595988976763,11670254,1,1
-6133327424418465403,14326565,1,1
-8430122194534634107,29971693,1,1
-8430122194534634107,25306735,1,1
-8430122194534634107,19487322,1,1
-3544320532517306747,17258020,1,1
-3544320532517306747,26505632,1,1
-3544320532517306747,26574138,1,1
-3544320532517306747,27532167,1,1
2819159997097105285,4735842,1,1
2819159997097105285,4803861,1,1
2819159997097105285,3855324,1,1
4512194552635149446,21551840,1,1
4512194552635149446,10873295,1,2
4512194552635149446,10445455,1,1
-8285282796674653818,16765899,1,1
-8285282796674653818,17900732,1,1
-8285282796674653818,18250951,1,1
5868666373071270790,15792356,1,1
5868666373071270790,13514990,1,1
5868666373071270790,23818868,1,2
5868666373071270790,22063520,1,1
5868666373071270790,18585322,1,1
5868666373071270790,27511110,1,1
5868666373071270790,21735527,1,1
5868666373071270790,14097941,1,1
1842182520164295814,43259557,1,1
1842182520164295814,33730881,1,1
1842182520164295814,30189576,1,2
1842182520164295814,12161277,1,1
1842182520164295814,10199551,1,1
1842182520164295814,6546790,1,1
1842182520164295814,14279162,1,1
1842182520164295814,10453343,1,1
1842182520164295814,5960074,1,1
4790710123368931206,110259,1,3
4790710123368931206,3372444,1,1
-5257800826269823353,33409207,1,1
-2417949211160740473,734598,1,1
1417504249269329288,13063372,1,1
1417504249269329288,11758094,1,1
4913748905455270024,16127873,1,1
4913748905455270024,10866667,1,1
846748100105184904,12769982,1,1
846748100105184904,12839268,1,1
2840228719647871113,8151102,1,1
2840228719647871113,6760378,1,1
-3295818456182271351,15519937,1,1
-621409703699314551,2876337,1,1
-621409703699314551,81584,1,1
8572692057650746505,139593,1,1
4057369954924553097,1179874,1,1
4057369954924553097,60174,1,1
3951733872693617034,1025935,1,1
3951733872693617034,1704533,1,4
3951733872693617034,19938576,1,1
3951733872693617034,1335727,1,1
-2254982790667541366,1598823,1,1
4379891691765154186,26067296,1,1
4379891691765154186,25332599,1,1
4379891691765154186,10986909,1,1
4379891691765154186,20226715,1,1
4379891691765154186,33798836,1,1
4379891691765154186,22401403,1,1
4521334340696639115,2530,1,1
6202015959969795211,10680076,1,1
6202015959969795211,31816095,1,1
-2431236845702474100,49364368,1,1
-5176506986943596660,37469034,1,1
-5176506986943596660,32632629,1,1
-5176506986943596660,31254725,1,2
-5176506986943596660,31065204,1,1
-7229495367232031348,8137325,1,2
677973408606348,4198041,1,2
-275013583266903667,18214291,1,1
-275013583266903667,6153461,1,1
-275013583266903667,9645969,1,1
-275013583266903667,19659169,1,1
-275013583266903667,18992241,1,1
-275013583266903667,4441713,1,1
-275013583266903667,17553033,1,1
-275013583266903667,18789547,1,1
-6380171217194833779,31254725,1,2
-5351184220486986867,7689041,1,2
-6266209041878288755,12907283,1,1
8746892449229567629,14534167,1,1
8746892449229567629,9854602,1,1
177788758515056013,4459058,1,2
-7816994197146675570,32114558,1,1
-7816994197146675570,17833147,1,1
-1606048188947924850,30720813,1,1
-1502687668280824434,16500848,1,2
-3162839996892108657,29365919,1,1
4944410581665596815,14483393,1,1
4944410581665596815,19545370,1,1
653550871409676943,2263301,1,1
653550871409676943,3971250,1,1
-6413537735885613169,9240995,1,1
-6413537735885613169,14427890,1,1
-5560829343604494705,3653462,1,1
-5560829343604494705,1393951,1,1
3749908570577687439,10144634,1,1
3749908570577687439,8063287,1,1
-4909580819948447601,2197741,1,1
1001919491728977040,14392896,1,1
1001919491728977040,5536066,1,1
1001919491728977040,7200535,1,1
1001919491728977040,4989182,1,1
1995073390795074704,114543,1,1
5398628791272062608,32200009,1,1
-9031912233258382703,657313,1,1
-9031912233258382703,4675367,1,1
-1313539713127145327,24758195,1,1
385075120841303697,8511806,1,19
35947610569663121,483091,1,5
-6573201597101544559,2697783,1,1
-6573201597101544559,49002,1,2
5805965999862938514,4011944,1,1
8178325170780370834,17776940,1,1
6737965886511205011,14977864,1,1
-8342073426359000172,9696861,1,1
7465544912669480852,19096285,1,1
-5555552124212504428,30855903,1,1
-5555552124212504428,34658073,1,1
-5555552124212504428,29410579,1,1
-7594471241471818603,22750995,1,1
-7594471241471818603,23788096,1,1
-1308833004078165611,5295491,1,1
-1308833004078165611,5256939,1,1
-2403518075463086443,8296784,1,1
-927416075453841770,29552228,1,1
-6016709673870666346,10459922,1,1
5801209099507432854,38042866,1,1
5801209099507432854,33563153,1,1
5801209099507432854,21112832,1,1
5801209099507432854,32708665,1,1
1051949792434113686,18968972,1,1
2516187295675290007,12931276,1,1
-191920137762793577,33619150,1,1
9008187448534248088,1566595,1,1
3950216272216996504,19353255,1,1
-7792680003044978792,5696412,1,1
-6082593128340947047,3093622,1,1
7716789769762517914,16548338,1,1
-4748165069525792101,17760299,1,2
4121152545207301532,2872218,1,1
-8195405547942550628,4076601,1,1
-8195405547942550628,10363742,1,1
-1337593172727776356,30082008,1,1
-1337593172727776356,7887078,1,1
-6595375616610614884,814206,1,1
5946759597022205085,11910147,1,1
7577199755689201822,41955051,1,1
7577199755689201822,40904466,1,1
-1012977699518908514,18683847,1,1
8419310994932989086,13341560,1,1
8419310994932989086,2115758,1,1
-8704829435433876578,5907369,1,1
-32744368484546146,24573640,1,1
-2614170126701719650,4737798,1,1
-2614170126701719650,15510151,1,1
9198361646345654430,38284736,1,1
9198361646345654430,28364496,1,1
9198361646345654430,16897504,1,1
9198361646345654430,44868393,1,1
9198361646345654430,21458080,1,1
9198361646345654430,7337724,1,1
9198361646345654430,37718237,1,1
9198361646345654430,23837933,1,1
9198361646345654430,15792356,1,1
9198361646345654430,24784606,1,1
-830262978337595746,14712299,1,2
-830262978337595746,4081744,1,5
-8666708805448391778,40398216,1,1
569937167839662495,26861011,1,1
569937167839662495,36529301,1,1
569937167839662495,17324849,1,1
569937167839662495,30035887,1,1
3668898613956848287,15189715,1,1
-1066331539233819233,8366976,1,2
1663648210718019231,30970840,1,1
-8267669561289540961,2242210,1,1
6712990678141818017,3829202,1,1
8169302958745925794,2383580,1,1
7786413663122900130,133925,1,1
3898449443350863010,18828455,1,1
-9012874895136694109,28348686,1,1
2576097868239212708,19026884,1,1
-3812640104739559772,6410623,1,1
-3812640104739559772,7492636,1,1
-3812640104739559772,7208358,1,1
-7451660320992575580,1397361,1,2
-5359070752363754844,8854359,1,2
-5359070752363754844,5694933,1,1
-5359070752363754844,33030933,1,1
-5359070752363754844,11281010,1,4
-5627937613794994012,16208365,1,1
-5627937613794994012,2459916,1,1
3625025857639202468,25077298,1,2
268204898195929764,37326450,1,1
-6097017807948213339,5991319,1,3
-6097017807948213339,14421694,1,1
6272000366261057445,857670,1,2
-5912164953665292379,7533934,1,1
-2276922181322891867,41434197,1,1
-2276922181322891867,3195187,1,1
-7749814074859019355,1051649,1,1
-7749814074859019355,4721449,1,3
-292840561555984218,15276346,1,1
-292840561555984218,7514325,1,1
-292840561555984218,2661536,1,4
-292840561555984218,6207362,1,1
-2346247844824964698,19151570,1,1
-6481886515400984665,1763156,1,2
-6481886515400984665,44985909,1,1
-6481886515400984665,14322989,1,1
-6481886515400984665,27390526,1,1
-6481886515400984665,12771167,1,1
-5475198475366874457,32171054,1,1
-5475198475366874457,10382929,1,1
3498700823971352231,25670350,1,1
-4478796276475845976,2780102,1,3
-4478796276475845976,3872063,1,1
7471585288516154025,4630720,1,1
-8042916622722991446,2,1,1
-8397884158365830485,7665194,1,1
-8397884158365830485,3438926,1,1
5978159519415979947,1028010,1,2
5978159519415979947,9146609,1,1
5978159519415979947,2513175,1,1
5978159519415979947,3523507,1,1
5978159519415979947,657313,1,1
5978159519415979947,14854631,1,1
-6702083776254977109,17549339,1,1
-6317817320781368404,2658922,1,1
-6317817320781368404,2188706,1,1
4399038646876727212,10335718,1,1
8399375839879859884,6097386,1,1
8399375839879859884,4081744,1,1
8399375839879859884,5046831,1,1
9162353075319714988,9685261,1,1
5698436253293267884,6930031,1,1
-897597115847350099,1653308,1,1
-897597115847350099,28318017,1,1
-897597115847350099,47689489,1,1
-897597115847350099,17665690,1,1
-897597115847350099,35321609,1,1
-897597115847350099,17533888,1,1
-897597115847350099,5008944,1,1
-6049704935123588691,16422177,1,1
-6049704935123588691,11627428,1,1
-2683967124585165394,41808094,1,1
-7147791398236545362,19238738,1,1
-8673484612863205458,12341174,1,1
-8673484612863205458,1919469,1,1
6618515986021030063,5707505,1,1
6618515986021030063,6724467,1,1
9002704199753440175,10888388,1,1
9002704199753440175,734255,1,1
-6958610144491954513,11699206,1,1
-6958610144491954513,29013003,1,1
-6958610144491954513,23487510,1,1
2710884605086589103,21164836,1,1
2710884605086589103,23222913,1,1
-3557597220919380049,12937394,1,1
-4349765561601545552,275824,1,1
-4349765561601545552,2498599,1,2
-4349765561601545552,4288362,1,3
-4214310502996553040,37758003,1,1
732993726888574384,45722081,1,1
732993726888574384,37945539,1,1
-4377730057715008848,43461376,1,1
-2739064973053673040,21168521,1,2
1694574319867775920,18232372,1,1
2367249018789911473,20863489,1,1
-1831903158473492815,2793150,1,1
-1831903158473492815,9767952,1,3
1570332476497312689,13377604,1,1
-6069189773699293262,36318146,1,1
-6829443047464507982,14281825,1,1
-6829443047464507982,28292050,1,1
-6829443047464507982,12044548,1,1
-3125468590056737870,36494938,1,1
-3125468590056737870,40545329,1,1
3844921380472356274,10384080,1,1
-8645068503732615245,8634810,1,1
802449782899059635,736513,1,1
5589767479245407924,12134554,1,1
-335730148924369484,8713319,1,1
-335730148924369484,1264773,1,1
-335730148924369484,10071404,1,1
-311034750410102604,35334130,1,1
-311034750410102604,34831445,1,1
-311034750410102604,33161671,1,1
1428771798470576821,5845760,1,1
1428771798470576821,6921094,1,1
1428771798470576821,2267513,1,2
1428771798470576821,2390641,1,1
-5576363367728599114,46999594,1,1
-5576363367728599114,45103230,1,1
-5576363367728599114,47035406,1,1
-5576363367728599114,24345488,1,1
-8415647218563231818,26353993,1,1
-8415647218563231818,36776416,1,1
-3283433342348922953,6317794,1,1
-3283433342348922953,10229235,1,1
9176092621759552183,151777,1,2
-567770502378970953,9608413,1,1
-2086718826029650761,7557265,1,1
9154597152921760696,15921221,1,1
9154597152921760696,12257232,1,1
-1205496694506938184,9847663,1,1
6219136766023807929,36253667,1,1
6219136766023807929,21502887,1,1
1954007107405532857,4373074,1,2
-6514980294266914119,17536635,1,1
-6514980294266914119,9440325,1,1
-7676496944335159367,3629183,1,8
490449213296150202,28759527,1,1
490449213296150202,9605913,1,4
6533954375417216442,1826804,1,1
8091670456057754298,5304517,1,1
8091670456057754298,14334901,1,1
8091670456057754298,5100539,1,3
1881391716372102586,1139160,1,1
-8076900944731128134,14230808,1,1
-8076900944731128134,7296467,1,1
4280378284260815803,18229589,1,1
-5725522747765908037,11190081,1,1
-5725522747765908037,4441713,1,1
-7117896576181035077,5151591,1,1
3889776962952808379,3300137,1,1
1793872728192088764,2507898,1,2
6645788236241403068,21926795,1,1
-153105346155990084,1171713,1,1
-153105346155990084,5448545,1,1
5629227623818004925,13933000,1,1
5629227623818004925,29001753,1,1
5629227623818004925,37760920,1,1
1076385828913957821,5402253,1,1
451971867544478397,8534682,1,1
6640837328613643453,14618316,1,1
-4257052142509186627,20438627,1,1
-2042890676409575490,22846541,1,1
7349524726939933886,5007369,1,2
7349524726939933886,605845,1,1
7349524726939933886,236129,1,1
6684674664592660159,1521640,1,1
6684674664592660159,21814825,1,1
-5467863578142678849,7492062,1,1
-5378476228693742401,27640693,1,1
-5378476228693742401,23859931,1,1
-4318760195460239169,2430782,1,1
-4318760195460239169,2545103,1,1
4204513362317616320,20253472,1,1
-3831080876554493504,38875401,1,1
-512944229813430847,199099,1,1
4189622008576196801,8330276,1,1
4189622008576196801,33162152,1,2
-544970961330903103,4561845,1,1
-2229101687296680254,10709411,1,1
-2229101687296680254,3495890,1,1
2682300790317199042,30443347,1,1
55104236732102338,5258989,1,1
-4311774331439297086,30709419,1,1
4245187111714701251,17727645,1,1
4710517518590047171,15792666,1,1
-1229993984640275259,31569424,1,1
-1009889528231077947,27194044,1,1
-4513837120324469051,6030814,1,1
6140423373972866245,3479833,1,1
6140423373972866245,2423498,1,3
-6837981987656989243,13361697,1,1
3054205247488372421,6141298,1,1
2185074251034836165,4617872,1,1
-2809316406504666939,2581714,1,1
-4060801264702923067,2524923,1,1
-4060801264702923067,3356095,1,1
-4060801264702923067,23074381,1,1
5249690387670240198,901115,1,12
-578745686099796538,14581865,1,1
-578745686099796538,2773302,1,1
3463413460517807046,4310763,1,1
3463413460517807046,1292449,1,1
2851039631107871430,8554043,1,1
1080859979573876679,30083731,1,1
-8789434266838724920,7351898,1,1
7608048135327684040,12296910,1,1
7608048135327684040,20349447,1,1
7436428393171011017,15492791,1,1
7436428393171011017,9739498,1,4
1932401152317168073,17946589,1,1
5194313493645690314,25880767,1,1
9119938339663565259,2537721,1,1
9119938339663565259,18612524,1,1
8919914310330155724,877428,1,1
8919914310330155724,2451356,1,1
8919914310330155724,2590545,1,1
8919914310330155724,1470406,1,1
1524383287112308684,41446501,1,1
1524383287112308684,45479060,1,1
3503651573176351180,8503338,1,1
-674246700980450612,18030992,1,1
-674246700980450612,19116498,1,1
5004435443850481101,5741187,1,1
5004435443850481101,30245973,1,1
5004435443850481101,2772014,1,2
5004435443850481101,60174,1,5
5004435443850481101,17498216,1,1
-480960201925119795,3142067,1,1
3017438195901343439,12760491,1,1
3017438195901343439,13575180,1,1
-6817565187326060593,28071763,1,1
2512209854669086671,404617,1,2
4860633364288135887,2498599,1,1
4860633364288135887,4588052,1,1
4860633364288135887,21991736,1,1
4860633364288135887,822119,1,1
-6912876236501318449,6392318,1,1
-2027620224675430961,35955747,1,1
-2027620224675430961,34019130,1,1
-2027620224675430961,31483355,1,1
-2027620224675430961,26410041,1,1
-2027620224675430961,33835088,1,1
-2027620224675430961,36629067,1,1
-2027620224675430961,6697171,1,1
-2027620224675430961,35363032,1,1
-2027620224675430961,5238080,1,1
-2027620224675430961,8966866,1,1
-2027620224675430961,9854602,1,1
-2027620224675430961,29519201,1,1
-2027620224675430961,10906411,1,2
-2027620224675430961,24777466,1,1
-2027620224675430961,6147181,1,1
-2027620224675430961,9088352,1,1
-2027620224675430961,15619075,1,1
-2027620224675430961,11238585,1,1
-2027620224675430961,4413455,1,1
-2027620224675430961,3389309,1,1
-2027620224675430961,19446604,1,1
-2027620224675430961,10930742,1,1
-2027620224675430961,1400210,1,1
3223191905603381713,17771353,1,2
3223191905603381713,18592048,1,1
3223191905603381713,10389919,1,1
3223191905603381713,28655154,1,1
3223191905603381713,20504611,1,1
3223191905603381713,21017979,1,1
3223191905603381713,20301314,1,1
3223191905603381713,19268694,1,1
3223191905603381713,9809511,1,1
-2594591465692955695,5341324,1,1
-7317379377815570479,3059044,1,5
-6530687914529709870,3047564,1,1
-6530687914529709870,3369287,1,1
-6530687914529709870,15438727,1,1
5618236136037771218,20827885,1,1
5618236136037771218,46956341,1,3
6923234476524789715,12470512,1,1
6923234476524789715,16836113,1,1
-506799650001809197,19757252,1,1
2303206055057565396,6290053,1,1
2303206055057565396,3102819,1,1
2303206055057565396,27365303,1,1
-7429422878234610732,14678593,1,1
5797655438566671828,5189662,1,1
5797655438566671828,7165395,1,1
5620393620549289173,8931224,1,1
5620393620549289173,5587956,1,1
5620393620549289173,5065362,1,1
5620393620549289173,3082835,1,1
5620393620549289173,7748140,1,1
1601178030104938965,27817577,1,1
1601178030104938965,2661536,1,1
7647186348197917141,35533847,1,1
7647186348197917141,11516280,1,1
7647186348197917141,10498032,1,1
7647186348197917141,12404259,1,1
-6374681448296321066,19199165,1,1
-6374681448296321066,19079089,1,3
8500417068695913430,39782968,1,1
7690917821088111062,5268389,1,1
7237147677188152534,41197045,1,1
7237147677188152534,47012681,1,1
7237147677188152534,50086012,1,1
7237147677188152534,47081732,1,1
-2526058995877397033,3276260,1,1
1119135223925259735,8875818,1,1
1119135223925259735,20131465,1,1
3042925762828190167,34907151,1,2
6711029607999958231,10144634,1,1
-5302025507517860648,826782,1,2
-4047137580613928,4795131,1,1
4972078189114791128,33960316,1,1
-7803764925630577447,9292954,1,1
-7803764925630577447,2902689,1,1
-1304588822960897319,37809885,1,1
7464684139952068825,5719287,1,1
7464684139952068825,1521640,1,1
7253630584287189977,3167118,1,1
-510367008416909606,5808812,1,1
7553138044157989083,10848086,1,1
2462982226989028316,3611682,1,1
4165431413592244188,25966650,1,1
4165431413592244188,29320577,1,1
4165431413592244188,23293071,1,1
4165431413592244188,38507106,1,1
2108580754519968732,14345505,1,1
2108580754519968732,26615416,1,1
2108580754519968732,4069903,1,1
2108580754519968732,7197268,1,1
-2921404257371525412,4755871,1,1
8900211845667032285,5298386,1,1
-2922445588828049443,47228262,1,1
-3529258695103967779,15843446,1,1
5516264500190832349,901115,1,2
5516264500190832349,4656843,1,3
5656315764585461725,28808463,1,2
-1724969670393371170,10460913,1,1
8431557919133379807,13222850,1,3
-7149250783039500064,4656843,1,2
-1459406614645713440,5873534,1,1
-7490103554603983647,528241,1,1
-853057219091800607,12877944,1,1
-853057219091800607,3875184,1,1
-853057219091800607,15489571,1,1
8452225538149522146,18990403,1,1
6626082084408945890,6006823,1,3
-6728232743258560285,40249425,1,1
8542911684834558436,9608366,1,3
8542911684834558436,4365129,1,1
14956167630920676,156650,1,1
14956167630920676,285523,1,1
2988342119146429924,3493931,1,2
2988342119146429924,3556351,1,2
-8751433769298058268,702415,1,1
-5978343268036913948,9899258,1,1
-5978343268036913948,13977851,1,4
3148100725669038565,37709918,1,1
3148100725669038565,39868001,1,1
3148100725669038565,37894622,1,1
3148100725669038565,32197615,1,1
3062118295723568101,30476534,1,1
3062118295723568101,25357295,1,1
3062118295723568101,1219312,1,1
-1897625724045809690,9093271,1,1
-1897625724045809690,7257378,1,1
-6832683189608141594,477572,1,1
-6832683189608141594,1949066,1,1
2982979255803825894,4076601,1,1
2982979255803825894,1979957,1,1
2367468616171204327,4837715,1,2
2367468616171204327,18393474,1,1
2367468616171204327,22965549,1,1
6014403001774809575,6134103,1,1
2430811675640965095,25868218,1,1
-7578335494742296601,26651602,1,1
6238681025999391207,4741880,1,1
-570046305509213464,44872776,1,1
-570046305509213464,3939715,1,1
-570046305509213464,901115,1,6
-570046305509213464,1746507,1,1
-4976015829309979159,5687471,1,1
-4102814053148627735,2868047,1,2
-4275125295339896087,724391,1,3
4808116252254187497,647259,1,1
-6452661921705508887,14319967,1,1
-6452661921705508887,17444072,1,2
-8751531210215141911,12958555,1,1
2876119674070365673,6325314,1,1
2876119674070365673,8371634,1,2
6618768693384569066,9979827,1,1
7925543843738742250,14385044,1,1
780270262893408746,151777,1,1
780270262893408746,7951730,1,1
-1363044864204500501,11634997,1,1
-7647344964632390677,35159872,1,1
8717176303761818604,15510354,1,1
8717176303761818604,9193112,1,1
-920387199770225172,13453160,1,1
-920387199770225172,624581,1,2
-920387199770225172,15805555,1,1
4264617406759181036,9985146,1,1
4264617406759181036,6792878,1,1
-7379959695424991252,8064318,1,1
-9158293600416143380,4548487,1,2
-9158293600416143380,901115,1,6
1593540098395404012,15168259,1,1
1593540098395404012,12671516,1,1
-6485851534086238739,37402241,1,1
-338736538991715603,2305362,1,1
-2066114753253465107,18250951,1,1
-2066114753253465107,17900732,1,1
3837002139998858733,17757728,1,2
3837002139998858733,16331037,1,1
-8486655498174608403,1258275,1,1
-3140063023692572946,635483,1,2
-3140063023692572946,651794,1,3
-6799569078905910802,17701203,1,1
-702971181490326290,23984009,1,1
-702971181490326290,38076269,1,1
2032682529906681838,32599132,1,1
1996888425502742767,20603713,1,1
1996888425502742767,38200282,1,1
1996888425502742767,9759205,1,1
281191890149327855,12622539,1,1
281191890149327855,28698864,1,1
-2392362208192999185,26440879,1,1
-2392362208192999185,5788971,1,1
-2392362208192999185,23294954,1,1
-6476951519080182033,12900373,1,1
1964769309307160047,46835633,1,1
1964769309307160047,17978260,1,1
1964769309307160047,28787823,1,1
839067129805170416,21681107,1,1
-2478227824423165712,5553146,1,1
-2478227824423165712,6009078,1,2
-2478227824423165712,14123866,1,2
-2478227824423165712,7086920,1,2
-2478227824423165712,29214623,1,1
-2478227824423165712,13218772,1,4
3393176195468691185,3245141,1,1
-4242441376643794959,41345006,1,1
-4242441376643794959,43915137,1,1
-4242441376643794959,19368595,1,1
-8663842623266700815,4114095,1,1
-839899325651447310,13911210,1,1
-1290380679595321102,2769467,1,1
-1290380679595321102,3526523,1,1
-1290380679595321102,1026578,1,1
-1290380679595321102,4764405,1,1
-1290380679595321102,46847578,1,1
-1290380679595321102,18935974,1,1
-5269811615868474126,9822076,1,1
-6543037578939342350,5562149,1,1
-157935077783041805,13600582,1,1
3121507817131943923,38271273,1,1
3121507817131943923,37041049,1,1
3121507817131943923,38875401,1,1
-7091018223891017485,166221,1,1
-7964610571596501772,15261088,1,1
-1055120154386051596,3927,1,1
1615247829038846452,21097240,1,2
1615247829038846452,23820746,1,1
4146828608904879604,5357455,1,1
4146828608904879604,14212518,1,1
-9121601403078512908,8092830,1,1
-6052731375569400843,346092,1,1
-4327178573385706251,8174263,1,1
-1941749935856462602,22086054,1,1
-1941749935856462602,6496441,1,2
-5947575014100669706,8538082,1,1
-9071905053464819722,16299066,1,1
-9071905053464819722,13247921,1,1
-9071905053464819722,13586907,1,1
-2489619598833562634,43906889,1,1
7999300467342695414,34713763,1,1
-3477003628541715210,7746633,1,1
-5945264695191274762,2666875,1,1
-5945264695191274762,7353585,1,1
-5945264695191274762,25420745,1,1
-5945264695191274762,12068758,1,1
6154594985420723447,14054454,1,1
6154594985420723447,17814468,1,1
6154594985420723447,9068445,1,1
6154594985420723447,3616359,1,1
6154594985420723447,4470787,1,1
4693838401056493047,876473,1,6
4693838401056493047,827527,1,1
-2492149222094586120,1160105,1,2
3657250157794125560,21766348,1,1
3657250157794125560,1184624,1,11
8092834742227147768,2092951,1,1
-5373004107847382536,32437434,1,1
-5373004107847382536,22156995,1,1
-4058118219627214855,29250207,1,1
-4058118219627214855,22963353,1,1
-4058118219627214855,26854384,1,1
-4058118219627214855,13875819,1,1
2987084956744911097,18683847,1,1
-4662265386554172167,3629504,1,1
-5067010863639079942,4492431,1,1
-7449431656282086662,138948,1,2
-7449431656282086662,5928046,1,3
-7449431656282086662,9062545,1,2
-7449431656282086662,374573,1,1
-7449431656282086662,2006826,1,1
-7449431656282086662,15880366,1,1
-6697584344281190150,17085717,1,1
-6697584344281190150,3908782,1,1
-6697584344281190150,13273731,1,1
-6697584344281190150,35899887,1,1
4476323048247789563,24426090,1,1
4476323048247789563,25909568,1,1
3900903804967205115,15681352,1,1
4440372216489824507,27392785,1,1
-4025012317723217668,8992837,1,1
-4025012317723217668,8244470,1,1
-8543978996985991428,6978877,1,1
-5649254121447758340,9791714,1,1
7689315260499105021,5453327,1,1
7689315260499105021,8577266,1,1
7689315260499105021,11919538,1,1
7689315260499105021,5431243,1,1
-3692309625226960387,13292272,1,1
-3692309625226960387,8320486,1,1
-3692309625226960387,30046979,1,1
-3692309625226960387,6104498,1,1
-3692309625226960387,3531432,1,1
-3692309625226960387,9290482,1,2
-3692309625226960387,6199458,1,1
5696922146897440509,1008119,1,1
-3143698294500680962,21278299,1,1
-3143698294500680962,11381673,1,1
-3143698294500680962,3514784,1,1
-7749005804337705218,30547283,1,1
322197775227373567,5704780,1,1
322197775227373567,6405121,1,1
322197775227373567,752960,1,1
322197775227373567,23665064,1,1
322197775227373567,11485271,1,1
2179540708870101759,2713063,1,1
4799366420386832640,33045489,2,1
-7079374044659548672,3755571,2,1
3618201335026098177,5100158,2,3
4900069090413401601,19571962,2,1
4900069090413401601,33445056,2,1
-2326564382312325118,11785236,2,1
-6782626630851790333,7628491,2,1
-5804161753355588349,14844324,2,1
-4848106241697332476,21245754,2,1
-1117253405643307513,9462347,2,1
116964892777057799,31682930,2,1
116964892777057799,11747812,2,1
-7588758993476471289,15302674,2,1
-5190882443615771640,2070493,2,1
-6943120957273385975,16919509,2,1
-6943120957273385975,17778222,2,1
-6943120957273385975,13515278,2,2
1135874156496873483,2487402,2,1
3670242486759002124,89125,2,1
3670242486759002124,2613272,2,1
-819487816404877556,26074899,2,1
-480787075057052915,1823700,2,1
-4530500662269963507,19571342,2,1
-3249406526322732531,35331339,2,1
-3249406526322732531,28778830,2,1
587757132853274894,60496,2,1
-8180140525805239025,12691744,2,1
-8180140525805239025,9827763,2,1
-8180140525805239025,10146334,2,1
6689846282472037647,4407335,2,1
-8885016811726852081,41006366,2,1
8881395720294868240,38010173,2,1
-6995110539257648111,3128949,2,1
-6995110539257648111,34743649,2,1
5659630813405782802,22253579,2,1
5659630813405782802,29778421,2,14
-5893224209381736174,27913187,2,1
-5893224209381736174,14976379,2,1
5379407596522423827,2587398,2,2
-3989430585593840876,34636649,2,1
7500379447194281750,2341510,2,1
7500379447194281750,1456404,2,3
-8670032816169848297,39831657,2,1
-1586063523230759912,1998224,2,2
1553857851185318168,2570861,2,1
1553857851185318168,6672628,2,1
-5144109333645272552,27292486,2,1
-5144109333645272552,1186309,2,2
-8250842239407807463,24103596,2,1
-4498762445269730279,11503330,2,1
-5246819627672708070,24267114,2,1
3859764493820000794,17665255,2,1
-628298954223752933,476681,2,1
-628298954223752933,860929,2,1
-4031026112070684645,2010948,2,1
-6997140331273651941,27943,2,4
3369671811237814814,6141460,2,1
3369671811237814814,263796,2,2
-8501355091415295458,10001006,2,1
-3118641172659757280,5131503,2,1
-8295062948747500768,16890937,2,1
-8295062948747500768,11019879,2,2
-6302901637247619551,4095133,2,1
-2193151277330483166,8996637,2,1
6820457903086628389,10405622,2,1
2524548129052301606,23926196,2,1
-7455843897386628058,27269642,2,1
-7455843897386628058,21815015,2,1
-7455843897386628058,23017863,2,1
6192684197914524966,10127787,2,1
4903803461444107303,13437997,2,1
-4835623846603729880,823966,2,2
1685376566555752745,40412986,2,1
1685376566555752745,18458139,2,1
1685376566555752745,44851174,2,1
1685376566555752745,36297940,2,2
-7382997530494928086,41249971,2,1
-2661933675689371862,30885092,2,1
-2661933675689371862,41319284,2,1
-4545597862861601492,25143739,2,1
-4545597862861601492,4680660,2,1
2509363074409600300,10914602,2,2
-6161109378908146385,2450976,2,2
7192675012273989423,756241,2,1
6805043263181932335,3646601,2,1
6805043263181932335,17409254,2,1
-5023290669852825039,13226946,2,1
1802306352187993137,27284064,2,1
8535070559503282225,10740758,2,1
-3645117866999573455,35938291,2,1
-5830956078638102478,6119468,2,1
5514243836919639602,32245018,2,1
-4979922410473376717,2699110,2,1
5065847061133555507,20073275,2,1
1691274626063607860,35249951,2,1
2607708464513396788,10127787,2,1
2607708464513396788,9428660,2,1
2607708464513396788,18937750,2,1
-3768774969875116236,1568937,2,1
5470372348177412148,45418504,2,1
9144457981428898101,45463372,2,1
9144457981428898101,45441770,2,1
8819135124781078838,34357653,2,1
-7919304675635047369,31548773,2,1
8397356866380941881,1151993,2,1
8397356866380941881,3853785,2,1
8397356866380941881,20382559,2,1
8397356866380941881,7207539,2,2
-5039207438188682693,3496042,2,1
-6321815190152248004,20600513,2,1
5915067452802597437,2472175,2,1
-6809949739587341507,42851756,2,1
-6714517673976532930,1673281,2,1
-440506438390186178,19184105,2,1
5459181342720342591,12910827,2,1
5459181342720342591,33408512,2,1
2455274759313214783,13154286,2,2
-8758239172210118335,30950240,2,2
4934216631271990594,41319284,2,1
7074796354714224707,14565429,2,1
7074796354714224707,5841825,2,2
7074796354714224707,12385652,2,2
482858930350027587,25816086,2,1
482858930350027587,6493572,2,1
-4530291071215631805,2658801,2,2
-4530291071215631805,22662754,2,1
-3167312528087338685,14024007,2,1
-8672424682618854076,4483561,2,1
-7623455129296162747,1456404,2,3
-7623455129296162747,2341510,2,1
1080141278840902214,748646,2,1
8865372073780414790,14859505,2,1
-3209080177437784249,36478268,2,1
2696803902754219593,28902823,2,1
-5595126197184237748,14469041,2,1
-5595126197184237748,15163984,2,1
-5595126197184237748,14550417,2,2
-5595126197184237748,15708562,2,1
-5595126197184237748,7279843,2,1
-3788590211217673651,17944205,2,1
-123215733345988019,47611939,2,1
-123215733345988019,46887832,2,1
5441000940418799181,17800935,2,1
-6667749262904215731,28741446,2,1
7667471695298747981,31129115,2,1
3781098201932721486,30885092,2,1
1866170523047343182,10021303,2,1
1866170523047343182,36703404,2,1
1866170523047343182,37083274,2,1
4849260728496350286,11663507,2,1
7280171427922971215,8008846,2,1
7280171427922971215,26300598,2,1
7280171427922971215,22756202,2,1
-4542476488289437873,10957943,2,1
8443910272787934287,5096743,2,1
5957081929987728976,24490800,2,2
8285276953805307216,9520125,2,1
-3976434664922593455,15575067,2,1
-7521955287645618607,2067584,2,1
-2097691004304914092,1069157,2,1
8677772571124588629,33050233,2,1
6264920014401992533,3391061,2,1
-8899744675667268779,29010387,2,1
2537985893217358678,41633167,2,1
-111703230935110568,15760297,2,1
-111703230935110568,9073328,2,1
-111703230935110568,15739018,2,1
-3802785138574285991,5881739,2,2
7440777685210140250,925630,2,1
5997395188849775965,3292810,2,1
4877082238164021598,21798882,2,2
-5585415507527294882,22302422,2,1
1348837061248663390,31818445,2,1
5247374047557490783,36797569,2,3
5247374047557490783,36645897,2,1
5247374047557490783,36644320,2,1
-9190772704999837344,15055352,2,1
-9190772704999837344,14942185,2,1
-5261308963395901855,16245768,2,4
-880538328857909150,33152056,2,1
5445529210620187491,33256827,2,2
-6233769093486765469,23569770,2,1
-6233769093486765469,22469722,2,1
-4037387600730148765,5987838,2,2
-5768686167139359645,14003357,2,1
7134208017393955686,34910749,2,1
7134208017393955686,10600736,2,1
-982423281372053913,33023788,2,1
-982423281372053913,22559794,2,1
1356255378487082088,49524106,2,1
-7197076283065519512,43638411,2,1
-3469573221612927896,3414749,2,2
-699561143147243159,4076706,2,2
5310714164538206570,46163932,2,1
-4578057125157179541,2445590,2,1
4953049198258192747,14248647,2,1
4440086786074050923,4407335,2,2
-5965290894543690900,27495062,2,1
6743808036637724269,27374066,2,1
-558975363934009234,13601090,2,1
8588969088752344174,10301179,2,1
-56537683435880593,13932240,2,3
-56537683435880593,14469041,2,1
-56537683435880593,15840673,2,1
-2874765567253067920,9402041,2,1
-2874765567253067920,11457353,2,1
6303635585760376689,35137869,2,1
-8032845880830283662,32860532,2,1
-7174676460007568268,4344602,2,1
5804718711724734580,30128396,2,1
2842579097558266230,3574792,2,1
2842579097558266230,9409229,2,3
4717522018133147254,20765400,2,1
4717522018133147254,34371549,2,1
-528812756776482439,40024235,2,1
-8333867457402531207,31734791,2,1
-5513648734055253383,5651242,2,1
-5513648734055253383,2700683,2,2
-5666125150810703238,18297311,2,1
-5666125150810703238,12885248,2,1
-5666125150810703238,8502679,2,1
-5666125150810703238,11478987,2,1
4363154865873797243,31236591,2,1
-2863627873509093252,19585339,2,1
-2863627873509093252,19002263,2,1
3320386707205305468,5411514,2,1
-2478405543156205700,38440626,2,1
249518392878279293,5787902,2,1
-8956369192829796995,6252212,2,1
-8956369192829796995,4177234,2,1
-8956369192829796995,4652824,2,1
-232862851610761346,26492433,2,1
-6003142377486436994,15656428,2,1
-8907807191235680896,20729868,2,1
-8907807191235680896,29877393,2,1
3378279585168377985,1806279,2,1
-2692339402505620351,38273524,2,1
4499426682494950018,14279571,2,1
1631238910919519363,42605082,2,1
1631238910919519363,24227295,2,1
1631238910919519363,3564118,2,1
387016357081707139,32336,2,1
-8495387857218759036,4155077,2,1
-2708490482410072700,46409411,2,1
-6133327424418465403,18262141,2,1
-8430122194534634107,1607546,2,1
-8285282796674653818,9428660,2,1
-8285282796674653818,12933632,2,1
-8285282796674653818,5350179,2,1
-8285282796674653818,10127787,2,1
5868666373071270790,22550479,2,1
1842182520164295814,43806503,2,1
-2417949211160740473,21912169,2,1
-2417949211160740473,19131662,2,1
-3295818456182271351,692670,2,1
-3295818456182271351,8122005,2,2
-4827941375563885174,3525675,2,1
4379891691765154186,23964629,2,1
4521334340696639115,4196465,2,1
-5328875134767725428,32151901,2,1
-5176506986943596660,39568942,2,1
-6380171217194833779,32837300,2,1
-6380171217194833779,32525737,2,1
990414254800459405,43268486,2,2
-5351184220486986867,7219294,2,1
3695346907877574798,26361461,2,1
3695346907877574798,10473992,2,1
-3162839996892108657,15835716,2,1
-6413537735885613169,14462434,2,1
-5560829343604494705,30973322,2,1
-4909580819948447601,2197841,2,1
8638986669878972560,2033124,2,1
1001919491728977040,8504958,2,1
5398628791272062608,24629341,2,2
35947610569663121,2759898,2,2
2466295117053806738,28669746,2,2
6737965886511205011,32092987,2,1
-8497367587513699180,31806478,2,1
-1308833004078165611,26080212,2,1
-1308833004078165611,17293306,2,1
-1308833004078165611,17103563,2,1
-1308833004078165611,17212916,2,1
1514563485109591957,12132051,2,1
5943072259109703573,7116577,2,1
5943072259109703573,12532442,2,2
5801209099507432854,41319284,2,1
3950216272216996504,25103187,2,2
8329879481461328024,8049227,2,1
8329879481461328024,4049758,2,1
-6082593128340947047,3098381,2,2
-6082593128340947047,3560866,2,1
9198361646345654430,46409411,2,1
9198361646345654430,39289906,2,1
-8666708805448391778,33896080,2,1
-8666708805448391778,44455029,2,1
-87437875769397857,48982228,2,1
243745810679257503,40409464,2,1
7786413663122900130,6533544,2,1
-7451660320992575580,3419987,2,1
-5359070752363754844,39742437,2,1
-5359070752363754844,22547112,2,2
-5359070752363754844,40239000,2,1
-5359070752363754844,22547257,2,1
-5359070752363754844,47784856,2,1
-5359070752363754844,19831522,2,1
-5359070752363754844,32064358,2,1
-5359070752363754844,29404440,2,1
-5359070752363754844,40126690,2,4
-5359070752363754844,35175460,2,1
-5359070752363754844,13648873,2,4
-5359070752363754844,5695129,2,1
-5359070752363754844,33388603,2,1
-5359070752363754844,38749681,2,1
-5359070752363754844,40201333,2,1
-5359070752363754844,32989997,2,1
-5359070752363754844,33292700,2,2
-5359070752363754844,36865620,2,1
-5359070752363754844,26765884,2,2
-5627937613794994012,16208548,2,1
7829803446527521700,16318860,2,1
6272000366261057445,857688,2,1
4266504958650596773,45719399,2,1
-292840561555984218,5651242,2,2
-2346247844824964698,24990647,2,1
-2596388484346149977,42103461,2,1
-5475198475366874457,11432195,2,1
7517302040997711530,8613624,2,1
-111341931466633301,389223,2,1
-1850745770048699733,41450617,2,1
5978159519415979947,657315,2,1
1969176547089061292,15858757,2,1
-6317817320781368404,3180202,2,2
8520402501931148460,36381313,2,1
8520402501931148460,7986605,2,1
8520402501931148460,9127872,2,1
-5157731900584740947,4023921,2,5
-5157731900584740947,1248017,2,1
-5157731900584740947,861822,2,1
-897597115847350099,12330829,2,1
9002704199753440175,40162246,2,1
-6958610144491954513,33293734,2,1
2710884605086589103,21253443,2,1
-4349765561601545552,2551810,2,1
-4349765561601545552,2511514,2,1
-4214310502996553040,38377857,2,1
-7540970817850740048,41049135,2,1
732993726888574384,35712042,2,1
-2739064973053673040,21175120,2,1
-1831903158473492815,29561084,2,1
-5403361585073546318,3137720,2,1
-5052280747413633613,4391811,2,2
802449782899059635,23936529,2,1
-311034750410102604,34397863,2,1
-5576363367728599114,48766937,2,1
-5576363367728599114,27421494,2,1
-8415647218563231818,18773007,2,1
-8415647218563231818,28935139,2,1
-8415647218563231818,40239829,2,1
3184354246776277175,844946,2,1
3184354246776277175,38460312,2,1
9154597152921760696,12980969,2,1
-6292801035874036551,41249971,2,1
-540135072269796679,37845174,2,1
-7676496944335159367,8813472,2,1
-7676496944335159367,1077783,2,1
1881391716372102586,337864,2,1
1881391716372102586,337792,2,1
4007984757790992058,18066002,2,1
3889776962952808379,40031729,2,1
2149307678311379131,13118017,2,1
7379764110599676092,21965202,2,1
6645788236241403068,8744184,2,1
-2042890676409575490,47795057,2,1
-4728453703405931585,39382427,2,1
-9085424781035814208,32164040,2,1
-512944229813430847,4824631,2,1
4189622008576196801,33162451,2,2
-544970961330903103,14570614,2,1
2682300790317199042,25990240,2,1
2682300790317199042,14090622,2,1
478532878154071235,3504464,2,1
-1229993984640275259,7831708,2,1
6140423373972866245,2425764,2,1
3054205247488372421,7775470,2,1
-8907967726606239291,14305875,2,1
-8907967726606239291,14129102,2,1
5249690387670240198,901144,2,5
5249690387670240198,13703384,2,1
3463413460517807046,4004010,2,1
7436428393171011017,27502405,2,1
7436428393171011017,27354118,2,1
8420838613361210057,41397749,2,1
5004435443850481101,22253579,2,1
5004435443850481101,29778421,2,15
8283876402983041741,29598404,2,1
4860633364288135887,4410597,2,1
3223191905603381713,30128396,2,1
-5832950598158136623,46887253,2,3
-506799650001809197,42478180,2,1
1601178030104938965,5651242,2,2
7647186348197917141,37083274,2,1
7647186348197917141,36703404,2,1
-6374681448296321066,19268769,2,3
7237147677188152534,4518891,2,1
1119135223925259735,8880083,2,1
1119135223925259735,14214223,2,1
3042925762828190167,37549934,2,1
3042925762828190167,38124520,2,1
3042925762828190167,37307639,2,1
3042925762828190167,35439805,2,2
-2514559936805527336,14702636,2,1
-7803764925630577447,16600787,2,1
3053607402054489305,32092987,2,1
-1304588822960897319,37332514,2,1
7464684139952068825,33052648,2,1
6182783374030660314,4142528,2,1
-2630802714392310821,15931734,2,1
-5413699755831703332,1630110,2,1
-2921404257371525412,33085033,2,1
-2922445588828049443,47812129,2,1
5656315764585461725,39542803,2,1
4640427682430970335,951868,2,1
-7149250783039500064,4656873,2,2
-853057219091800607,5193981,2,2
-853057219091800607,44478689,2,1
8542911684834558436,34875835,2,1
7469562389692224484,20399775,2,1
7469562389692224484,60496,2,1
-109920088180255772,22581382,2,2
-109920088180255772,30905277,2,4
2988342119146429924,10590927,2,1
-5978343268036913948,13997498,2,1
-1897625724045809690,15038770,2,1
-1897625724045809690,12017536,2,1
2948138818758355174,34418131,2,1
6014403001774809575,21276413,2,1
2430811675640965095,38866558,2,1
-570046305509213464,901144,2,2
-570046305509213464,22745553,2,1
-3680127468676555031,38964755,2,1
-3680127468676555031,27182218,2,1
-4102814053148627735,2868052,2,1
-4275125295339896087,724449,2,1
-4275125295339896087,724397,2,1
-7379959695424991252,8733385,2,1
-9158293600416143380,901144,2,1
-2066114753253465107,9428660,2,1
-8486655498174608403,7855852,2,1
-3140063023692572946,652284,2,1
2032682529906681838,32084038,2,1
-2478227824423165712,13327603,2,1
-2478227824423165712,14140044,2,1
-2478227824423165712,4592958,2,1
-4242441376643794959,35241363,2,1
-8663842623266700815,34519716,2,3
-5209518270664027406,5651242,2,2
-7091018223891017485,5516019,2,1
1503528145870141684,20113584,2,1
-7964610571596501772,15264039,2,1
1615247829038846452,26561540,2,1
-1941749935856462602,14525049,2,1
-2489619598833562634,33912510,2,1
-5945264695191274762,12413212,2,1
4693838401056493047,937558,2,1
3657250157794125560,31751351,2,1
3657250157794125560,1186309,2,4
8092834742227147768,13809991,2,1
8092834742227147768,5862048,2,1
8092834742227147768,3667790,2,1
8092834742227147768,3667282,2,1
8092834742227147768,3227935,2,1
8092834742227147768,10094698,2,1
-5373004107847382536,26380942,2,1
-4058118219627214855,26554002,2,1
5433209476711735801,2875482,2,1
-5067010863639079942,15745652,2,2
-7449431656282086662,138950,2,1
4476323048247789563,41426587,2,1
4476323048247789563,24488562,2,1
3900903804967205115,14382137,2,4
3900903804967205115,10526024,2,1
3900903804967205115,15684569,2,1
6650420054564369403,34180100,2,1
6650420054564369403,27341320,2,1
-3692309625226960387,6201044,2,1
-3692309625226960387,7663898,2,1
-7749005804337705218,31270427,2,1
-7749005804337705218,30866648,2,1
322197775227373567,7382629,2,1
