"PostId","PostTypeId","ParentId","CreationDate"
15656428,2,15207305,"2013-03-27 10:18:15"
17963447,2,16889782,"2013-07-31 06:47:17"
18977923,1,18977923,"2013-09-24 09:37:05"
21392263,2,20041411,"2014-01-27 21:40:52"
22463543,2,22355058,"2014-03-17 19:25:50"
23888813,2,23888212,"2014-05-27 11:57:12"
24363393,2,24363251,"2014-06-23 10:13:35"
24568619,2,24568381,"2014-07-04 07:14:01"
24759699,2,24756520,"2014-07-15 13:35:35"
25186208,2,25185950,"2014-08-07 15:18:32"
25209815,2,25209415,"2014-08-08 18:16:32"
26794714,2,26794672,"2014-11-07 05:31:10"
34967217,2,34966462,"2016-01-23 18:35:53"
35602330,1,35602330,"2016-02-24 12:33:03"
38229443,1,38229443,"2016-07-06 16:51:34"
38261973,2,38261673,"2016-07-08 08:16:13"
