"PostId","PostTypeId","PostHistoryId","PostHistoryTypeId","CreationDate","UserId","UserDisplayName","Comment"
50332,1,70423,2,"2008-09-08 18:17:54",4398,"",""
74116,1,112876,2,"2008-09-16 16:15:24",73,"",""
74116,1,112878,5,"2008-09-17 03:39:28",73,"","added 18 characters in body"
255979,1,397650,2,"2008-11-01 19:17:11",2279145,"",""
255979,1,397653,5,"2008-11-01 20:13:54",12950,"","fixed formatting"
376732,1,609759,2,"2008-12-18 02:31:25",11339,"",""
376732,1,609760,5,"2008-12-18 03:05:31",11339,"","added information"
616087,1,1048128,2,"2009-03-05 18:51:18",69986,"",""
616087,1,1048129,5,"2009-03-05 18:59:51",69986,"","added clarification"
784855,1,1512518,2,"2009-04-24 07:39:08",33611,"",""
863394,1,1668708,2,"2009-05-14 13:41:04",,"Soren Mikkelsen",""
957038,1,1855610,2,"2009-06-05 17:14:52",3807,"",""
1429558,1,2826562,2,"2009-09-15 20:54:02",758,"",""
1429558,1,2983085,5,"2009-10-01 13:40:13",90002,"","Cleanup"
1811697,1,3627113,2,"2009-11-28 05:39:15",197811,"",""
1811697,1,3631092,5,"2009-11-28 19:42:50",197811,"","added 238 characters in body"
1909840,1,3832193,2,"2009-12-15 19:38:19",113570,"",""
2076299,1,4183974,2,"2010-01-16 05:26:00",149206,"",""
2076299,1,4184025,5,"2010-01-16 05:40:25",149206,"","deleted 19 characters in body; edited tags; edited title"
2169078,1,4381134,2,"2010-01-30 19:16:39",96514,"",""
2398334,1,4878990,2,"2010-03-07 22:53:08",262658,"",""
2518611,1,5141489,2,"2010-03-25 19:14:58",299,"",""
2518611,1,5142853,5,"2010-03-25 20:46:39",299,"","fixed code"
2538867,1,5186520,2,"2010-03-29 14:55:41",19072,"",""
2538867,1,5250567,5,"2010-04-02 18:02:21",19072,"","added 296 characters in body; added 4 characters in body"
2916082,1,6013845,2,"2010-05-26 19:24:47",259227,"",""
3085505,1,6384007,2,"2010-06-21 14:28:45",337247,"",""
3085505,1,6384044,5,"2010-06-21 14:31:30",7586,"","deleted 2 characters in body; added 2 characters in body"
3149189,1,6522256,2,"2010-06-30 12:24:39",300269,"",""
3149189,1,6526645,5,"2010-06-30 16:13:47",40468,"","added link"
3529744,1,7363372,2,"2010-08-20 09:44:52",265226,"",""
3529744,1,7378455,5,"2010-08-21 06:37:23",265226,"","added 1551 characters in body"
3529744,1,7378616,5,"2010-08-21 06:59:19",265226,"","added 99 characters in body"
3637078,1,7601045,2,"2010-09-03 15:11:13",276640,"",""
3637078,1,7603685,5,"2010-09-03 17:53:33",85385,"","added 14 characters in body; edited title"
3751258,1,7856082,2,"2010-09-20 12:00:23",400836,"",""
3751258,1,7856199,5,"2010-09-20 12:08:53",400836,"","added 506 characters in body; added 45 characters in body"
3751258,1,7856602,5,"2010-09-20 12:33:45",400836,"","added goal."
3751258,1,7861580,5,"2010-09-20 17:04:47",400836,"","added new error; added 22 characters in body"
3751258,1,7862502,5,"2010-09-20 18:01:48",400836,"","added 125 characters in body"
3775561,1,7910008,2,"2010-09-23 05:03:38",448369,"",""
3775561,1,7910602,5,"2010-09-23 06:12:23",448369,"","added 1407 characters in body"
3775561,1,7911219,5,"2010-09-23 07:09:58",342852,"","deleted 66 characters in body; edited tags"
3869035,1,8117794,2,"2010-10-06 02:01:01",467480,"",""
4079794,1,8583067,2,"2010-11-02 16:25:25",389626,"",""
4142730,1,8720849,2,"2010-11-10 09:01:09",419116,"",""
4142730,1,8732215,5,"2010-11-10 18:54:10",419116,"","deleted 236 characters in body"
4276641,1,9010961,2,"2010-11-25 11:41:33",452680,"",""
4276641,1,9010998,5,"2010-11-25 11:44:23",21755,"","deleted 62 characters in body"
4429196,1,9344567,2,"2010-12-13 13:21:52",538626,"",""
4500881,1,9502170,2,"2010-12-21 15:29:27",235125,"",""
4500881,1,9502898,5,"2010-12-21 16:03:31",235125,"","added 82 characters in body"
4572724,1,9662697,2,"2010-12-31 23:46:06",559540,"",""
4572724,1,9663729,5,"2011-01-01 04:25:10",559540,"","added 54 characters in body"
4763876,1,10082596,2,"2011-01-21 21:15:11",522400,"",""
4763876,1,10084060,5,"2011-01-21 22:35:43",522400,"","Clarifying"
4822732,1,10216457,2,"2011-01-27 22:35:24",592978,"",""
5225588,1,11144295,2,"2011-03-07 21:38:41",618622,"",""
5225588,1,11144569,5,"2011-03-07 21:50:42",618622,"","added 1004 characters in body"
5268589,1,11243033,2,"2011-03-11 03:16:50",100027,"",""
5268589,1,11244770,5,"2011-03-11 05:22:46",100027,"","added 391 characters in body; added 22 characters in body"
5465550,1,11711166,2,"2011-03-28 21:57:49",81306,"",""
5602842,1,12031570,2,"2011-04-09 04:18:11",691008,"",""
5612997,1,12056336,2,"2011-04-10 16:06:06",3788,"",""
5602842,1,12162588,5,"2011-04-14 05:25:13",691008,"","added 74 characters in body; edited title"
5756516,1,12392030,2,"2011-04-22 14:37:03",223367,"",""
5758654,1,12397055,2,"2011-04-22 18:27:06",26633,"",""
5761830,1,12404621,2,"2011-04-23 02:49:47",720689,"",""
5761830,1,12404660,5,"2011-04-23 02:53:41",464744,"","added 34 characters in body"
6139822,1,13301668,2,"2011-05-26 14:01:59",770392,"",""
6139822,1,13307277,5,"2011-05-26 16:46:52",770392,"","added 1925 characters in body"
6241981,1,13547439,2,"2011-06-05 09:13:44",784599,"",""
6300362,1,13685680,2,"2011-06-09 23:15:51",791865,"",""
6300362,1,13687052,5,"2011-06-10 01:05:03",791865,"","deleted 591 characters in body"
6655592,1,14534087,2,"2011-07-11 19:45:14",839551,"",""
6655592,1,14534114,5,"2011-07-11 19:46:02",723920,"","added 304 characters in body"
6859287,1,15016113,2,"2011-07-28 12:55:12",629568,"",""
6859287,1,15016406,5,"2011-07-28 13:03:44",21234,"","edited tags"
6928544,1,15180012,2,"2011-08-03 14:58:00",885485,"",""
6928544,1,15346630,5,"2011-08-09 15:58:11",1288,"","appended answer 6993157 as supplemental"
7044982,1,15455626,2,"2011-08-12 18:55:06",642022,"",""
7044982,1,15455911,5,"2011-08-12 19:05:33",642022,"","added 146 characters in body"
7302194,1,16087777,2,"2011-09-04 21:16:29",301218,"",""
7302194,1,16089126,5,"2011-09-04 23:10:04",301218,"","deleted 79 characters in body"
7302194,1,16089498,5,"2011-09-04 23:48:24",301218,"","added 386 characters in body"
7302194,1,16089681,5,"2011-09-05 00:07:03",301218,"","deleted 45 characters in body"
7407560,1,16346260,2,"2011-09-13 19:45:24",10039,"",""
7407560,1,16378496,5,"2011-09-14 17:47:59",10039,"","Added the execution plan in a gist."
7537323,1,16664961,2,"2011-09-24 05:53:52",732016,"",""
7545756,1,16687018,2,"2011-09-25 13:21:28",932845,"",""
7559447,1,16720765,2,"2011-09-26 18:22:00",965593,"",""
7545756,1,16768763,5,"2011-09-28 04:37:48",932845,"","deleted 1 characters in body"
7953840,1,17689750,2,"2011-10-31 12:41:46",1018387,"",""
7953840,1,17691596,5,"2011-10-31 13:52:12",648313,"","added 233 characters in body; edited tags; edited title"
7953840,1,17714971,5,"2011-11-01 09:06:51",1018387,"","edited body"
7953840,1,17720649,5,"2011-11-01 12:48:36",1018387,"","added 499 characters in body; edited title"
8204028,1,18316747,2,"2011-11-20 19:23:54",80535,"",""
8204028,1,18318912,5,"2011-11-20 21:25:48",371753,"","formatting"
8258877,1,18459922,2,"2011-11-24 14:49:07",959734,"",""
8258877,1,18460224,5,"2011-11-24 14:57:14",959734,"","added 123 characters in body"
8258877,1,18460581,5,"2011-11-24 15:03:59",959734,"","edited title"
8276698,1,18506240,2,"2011-11-26 06:15:49",1066618,"",""
8292189,1,18547234,2,"2011-11-28 06:24:14",1147007,"",""
8276698,1,18625404,5,"2011-11-30 07:31:24",1066618,"","added 3099 characters in body"
8426956,1,18894163,2,"2011-12-08 06:13:45",,"user1087067",""
8426956,1,18894622,5,"2011-12-08 06:35:39",-1,"","insert duplicate link"
8499127,1,19080693,2,"2011-12-14 03:17:41",1094784,"",""
8499127,1,19101634,5,"2011-12-14 15:42:05",123127,"","added 1 characters in body"
8499127,1,19101682,5,"2011-12-14 15:43:22",560648,"","deleted 154 characters in body"
8520999,1,19136574,2,"2011-12-15 13:41:14",1012928,"",""
8520999,1,19136810,5,"2011-12-15 13:48:15",603256,"","added 31 characters in body"
8520999,1,19137356,5,"2011-12-15 14:02:23",1012928,"","added 1 characters in body"
8586543,1,19307058,2,"2011-12-21 07:51:08",148668,"",""
8586543,1,19316222,5,"2011-12-21 13:05:07",148668,"","fixed 63/64 mistake and posted shader code"
8586543,1,19330575,5,"2011-12-21 20:14:35",44729,"","added 31 characters in body"
8687577,1,19569648,2,"2011-12-31 10:26:40",1124186,"",""
8687577,1,19570918,5,"2011-12-31 12:25:04",1124186,"","improved the description of the problem and objective"
8724045,1,19664068,2,"2012-01-04 08:36:59",446976,"",""
9001702,1,20363837,2,"2012-01-25 11:09:17",971993,"",""
9067064,1,20530787,2,"2012-01-30 16:19:52",186380,"",""
9153360,1,20748285,2,"2012-02-05 21:48:25",780955,"",""
9153360,1,20755691,5,"2012-02-06 06:17:20",13302,"","added 21 characters in body; edited title"
9187046,1,20832226,2,"2012-02-08 02:32:24",112194,"",""
9187046,1,20832412,5,"2012-02-08 02:42:07",112194,"","added 244 characters in body"
9225307,1,20926398,2,"2012-02-10 09:11:07",1041345,"",""
9262393,1,21020301,2,"2012-02-13 14:44:30",164438,"",""
9262393,1,21025848,5,"2012-02-13 17:00:50",164438,"","added 2 characters in body"
9262393,1,21026327,5,"2012-02-13 17:13:43",164438,"","added code"
9262393,1,21099640,5,"2012-02-15 13:14:51",164438,"","improved example"
9262393,1,21099909,5,"2012-02-15 13:23:04",164438,"","improved example"
2398334,1,21122494,5,"2012-02-15 23:43:55",377270,"","put question in question body"
9509020,1,21634550,2,"2012-03-01 00:39:21",1168058,"",""
9520461,1,21662986,2,"2012-03-01 16:52:51",1243180,"",""
9520461,1,21697973,5,"2012-03-02 14:01:59",1147455,"","Improved formatting"
9604973,1,21873836,2,"2012-03-07 16:05:35",1255120,"",""
9897717,1,22638052,2,"2012-03-27 21:06:42",1268853,"",""
9897717,1,22666081,5,"2012-03-28 14:05:38",1137055,"","No need for signature + No thanks in advance cluttering. (http://meta.stackoverflow.com/questions/2950/should-hi-thanks-taglines-and-salutations-be-removed-from-posts)"
10189759,1,23368055,2,"2012-04-17 10:47:59",734463,"",""
10529907,1,24248459,2,"2012-05-10 08:09:48",1321399,"",""
10672905,1,24615824,2,"2012-05-20 11:10:19",1183574,"",""
10831059,1,25022158,2,"2012-05-31 09:39:09",1218285,"",""
10831059,1,25022786,5,"2012-05-31 09:56:15",13302,"","added 13 characters in body; edited title"
11055749,1,25607232,2,"2012-06-15 17:47:30",1459402,"",""
11252831,1,26121512,2,"2012-06-28 21:01:26",1018943,"",""
11344917,1,26364835,2,"2012-07-05 13:03:13",542025,"",""
11344917,1,26367325,5,"2012-07-05 13:59:02",542025,"","Added larger part of stacktrace"
11391992,1,26488568,2,"2012-07-09 09:06:02",1431946,"",""
11391992,1,26488719,5,"2012-07-09 09:10:26",889949,"","added 325 characters in body"
7537323,1,26744048,5,"2012-07-15 01:58:16",93343,"","deleted 11 characters in body"
2076299,1,26840047,5,"2012-07-17 14:15:25",777408,"","Reformatted for better clarity - Based on author question and comment "
11599837,1,27039492,2,"2012-07-22 11:20:07",1452811,"",""
11719084,1,27354231,2,"2012-07-30 09:54:43",1562529,"",""
11767607,1,27482294,2,"2012-08-01 21:07:38",245836,"",""
11767607,1,27482345,5,"2012-08-01 21:09:30",,"user166390","added 56 characters in body"
11767607,1,27482400,5,"2012-08-01 21:11:32",245836,"","added 1 characters in body"
11769779,1,27487818,2,"2012-08-02 01:19:43",447860,"",""
11769779,1,27504748,5,"2012-08-02 11:20:34",447860,"","added 16 characters in body"
11812625,1,27600846,2,"2012-08-04 23:01:42",1180426,"",""
11812625,1,27602760,5,"2012-08-05 01:34:37",1180426,"","added 869 characters in body"
11813940,1,27604493,2,"2012-08-05 04:22:18",955273,"",""
11813940,1,27605988,5,"2012-08-05 06:32:57",955273,"","added 845 characters in body"
11917995,1,27877957,2,"2012-08-11 22:00:23",136598,"",""
11945499,1,27951803,2,"2012-08-14 03:45:39",547291,"",""
11945499,1,27952187,5,"2012-08-14 04:09:19",547291,"","added curly braces"
11971858,1,28020028,2,"2012-08-15 15:04:36",1552475,"",""
11971858,1,28020625,5,"2012-08-15 15:16:48",1212071,"","fixed grammer"
12221820,1,28679695,2,"2012-08-31 20:03:08",573012,"",""
12636596,1,29785912,2,"2012-09-28 08:44:39",1528800,"",""
12636596,1,29785943,5,"2012-09-28 08:45:50",263681,"","added 10 characters in body"
12636596,1,29785965,5,"2012-09-28 08:46:19",863760,"","improve formatting"
12637322,1,29787923,2,"2012-09-28 09:30:56",885457,"",""
12689640,1,29933189,2,"2012-10-02 11:46:23",146780,"",""
12689640,1,29933452,5,"2012-10-02 11:53:45",146780,"","added 167 characters in body"
13073996,1,30981266,2,"2012-10-25 17:27:42",1692664,"",""
13117163,1,31103300,2,"2012-10-29 06:58:57",1323716,"",""
13492847,1,32133225,2,"2012-11-21 12:04:03",1734491,"",""
13601493,1,32432755,2,"2012-11-28 09:11:38",698162,"",""
13721013,1,32762622,2,"2012-12-05 10:25:01",1820352,"",""
13737536,1,32807097,2,"2012-12-06 05:33:20",1874707,"",""
13737536,1,32807771,5,"2012-12-06 05:55:05",1874707,"","added 424 characters in body"
13737536,1,32812864,5,"2012-12-06 08:28:08",1259815,"","Reformatted code block"
13781299,1,32930821,2,"2012-12-08 19:55:40",555690,"",""
13864443,1,33158317,2,"2012-12-13 16:43:04",1346519,"",""
13864443,1,33159286,5,"2012-12-13 17:03:11",1346519,"","added 44 characters in body"
13864443,1,33186115,5,"2012-12-14 08:04:41",1346519,"","added 135 characters in body"
13864443,1,33214849,5,"2012-12-14 19:48:59",1346519,"","added link to related question, clarification"
13864443,1,33215124,5,"2012-12-14 19:57:23",1346519,"","added 129 characters in body"
11917995,1,33580430,5,"2012-12-23 18:42:51",136598,"","added 335 characters in body"
14080014,1,33775560,2,"2012-12-29 08:29:59",370520,"",""
14080014,1,33775657,5,"2012-12-29 08:35:38",370520,"","added 51 characters in body"
14082912,1,33783472,2,"2012-12-29 15:04:29",1820433,"",""
14082912,1,33783913,5,"2012-12-29 15:20:07",1820433,"","added 2 characters in body"
14157871,1,33991904,2,"2013-01-04 13:12:47",680900,"",""
14190165,1,34085296,2,"2013-01-07 05:04:38",449156,"",""
14252212,1,34252117,2,"2013-01-10 06:43:09",1283347,"",""
14190165,1,34265521,5,"2013-01-10 11:50:58",449156,"","Added another alternative"
14378339,1,34595578,2,"2013-01-17 11:44:31",1943928,"",""
14503892,1,34941276,2,"2013-01-24 14:40:54",192993,"",""
14550537,1,35081463,2,"2013-01-27 18:17:46",359862,"",""
14550537,1,35081711,5,"2013-01-27 18:25:01",298389,"","added 13 characters in body"
14550537,1,35081954,5,"2013-01-27 18:34:00",359862,"","added 374 characters in body"
14634268,1,35308448,2,"2013-01-31 20:10:33",1600356,"",""
14634268,1,35311104,5,"2013-01-31 21:11:00",1600356,"","added 165 characters in body"
15035729,1,36403180,2,"2013-02-23 00:57:17",1019167,"",""
15035729,1,36413460,5,"2013-02-23 10:27:40",1019167,"","changed real to mechanical"
15035729,1,36431818,5,"2013-02-23 16:04:51",1019167,"","deleted 1 characters in body"
15035729,1,36433872,5,"2013-02-23 17:17:21",1019167,"","minor change "
15035729,1,36455753,5,"2013-02-24 11:15:34",1019167,"","fixed grammar"
15035729,1,36646320,5,"2013-02-27 19:32:46",1019167,"","minor grammar fix"
15265722,1,37050341,2,"2013-03-07 07:46:31",1322822,"",""
15508093,1,37730883,2,"2013-03-19 18:52:35",764370,"",""
15508093,1,37731479,5,"2013-03-19 19:05:24",764370,"","sample code"
15508093,1,37731834,5,"2013-03-19 19:11:36",764370,"","sample code"
15508093,1,37732645,5,"2013-03-19 19:28:02",764370,"","added 666 characters in body"
15508093,1,37733839,5,"2013-03-19 19:49:10",764370,"","added 115 characters in body"
15508093,1,37747275,5,"2013-03-20 01:56:42",764370,"","deleted 52 characters in body"
15659449,1,38149342,2,"2013-03-27 13:00:14",1735151,"",""
15659449,1,38149685,5,"2013-03-27 13:06:33",1859160,"","Code formatting tweaked, capitalization, typos, "
15659449,1,38149745,8,"2013-03-27 13:07:23",844923,"","Rollback to [aed06fa3-bf51-44b8-87d8-460658eec771]"
15659449,1,38151267,5,"2013-03-27 13:32:55",1327409,"","code formatting"
15659449,1,38190057,5,"2013-03-28 04:28:04",44853,"","added 22 characters in body; edited tags; edited title"
15781802,1,38488637,2,"2013-04-03 07:54:47",2180836,"",""
15781802,1,38491625,5,"2013-04-03 08:58:29",2180836,"","edited body"
16163414,1,39546491,2,"2013-04-23 07:27:38",2310177,"",""
16163414,1,39549359,5,"2013-04-23 08:23:26",2286951,"","reformatted code"
16165982,1,39553333,2,"2013-04-23 09:39:18",2215991,"",""
16193967,1,39630674,2,"2013-04-24 13:58:59",1326667,"",""
16193967,1,39631802,5,"2013-04-24 14:16:45",1219487,"","Removed thanks"
16245209,1,39767980,2,"2013-04-26 21:04:49",1907509,"",""
16245209,1,39768477,5,"2013-04-26 21:20:21",2219831,"","added 673 characters in body"
16420046,1,40260190,2,"2013-05-07 13:14:38",2358443,"",""
16420046,1,40260958,5,"2013-05-07 13:28:21",1981275,"","formatted code"
16434544,1,40300010,2,"2013-05-08 07:00:25",1288274,"",""
16434544,1,40300654,5,"2013-05-08 07:16:36",1288274,"","added 367 characters in body"
16439607,1,40313350,2,"2013-05-08 11:35:14",1037295,"",""
16439607,1,40350732,5,"2013-05-09 02:34:26",1037295,"","added 81 characters in body"
16460760,1,40371114,2,"2013-05-09 11:31:36",2366006,"",""
17150082,1,42289945,2,"2013-06-17 14:32:54",673775,"",""
17346886,1,42831320,2,"2013-06-27 15:10:37",1723842,"",""
17346886,1,42838842,5,"2013-06-27 17:32:53",1723842,"","Tried to improve formatting and provide further details about what I am trying to acheive, if it is possible."
17346886,1,42855193,5,"2013-06-28 01:02:17",1477421,"","reformat schema documents as examples, to get indentation and syntax coloring; copy edit the prose"
17346886,1,42855598,5,"2013-06-28 01:20:31",1477421,"","add backticks around reference to xs:documentation (which was disappearing)"
17426181,1,43054866,2,"2013-07-02 12:53:57",1768910,"",""
17576060,1,43471432,2,"2013-07-10 16:29:39",2561746,"",""
17576060,1,43471496,5,"2013-07-10 16:30:47",474349,"","added 20 characters in body"
17591278,1,43513208,2,"2013-07-11 10:42:02",1916279,"",""
17591278,1,43658420,5,"2013-07-13 15:10:12",1916279,"","deleted 4389 characters in body"
18377149,1,45760850,2,"2013-08-22 09:54:26",256077,"",""
18377149,1,45761216,5,"2013-08-22 10:00:05",256077,"","added 84 characters in body"
18377149,1,45830216,5,"2013-08-23 08:46:04",256077,"","added 1127 characters in body"
18466036,1,46074106,2,"2013-08-27 12:53:44",1164930,"",""
18466036,1,46133207,5,"2013-08-28 08:21:22",1164930,"","added 308 characters in body"
18482925,1,46133714,2,"2013-08-28 08:29:29",2513228,"",""
18482925,1,46134780,5,"2013-08-28 08:45:28",342740,"","deleted 35 characters in body"
18556326,1,46397760,2,"2013-09-01 07:45:18",2734001,"",""
18556326,1,46397823,5,"2013-09-01 07:47:22",263525,"","added 4 characters in body"
18556326,1,46398275,5,"2013-09-01 08:05:08",2734001,"","deleted 54 characters in body"
18556326,1,46398596,5,"2013-09-01 08:18:56",2734001,"","added 2 characters in body"
18556326,1,46398822,5,"2013-09-01 08:28:07",2734001,"","added 58 characters in body"
18636522,1,46681589,2,"2013-09-05 12:36:29",189646,"",""
18556326,1,46950492,5,"2013-09-10 03:06:48",1248365,"","added 27 characters in body"
18835343,1,47397587,2,"2013-09-16 19:02:12",3619,"",""
18835343,1,47398398,5,"2013-09-16 19:17:10",3619,"","added 143 characters in body"
18835343,1,47398784,5,"2013-09-16 19:24:22",3619,"","added 156 characters in body"
18996869,1,47971532,2,"2013-09-25 05:25:04",2813545,"",""
18996869,1,48016978,5,"2013-09-25 16:10:55",2813545,"","deleted 1187 characters in body"
19063366,1,48203027,2,"2013-09-28 04:42:28",819916,"",""
9897717,1,48535724,5,"2013-10-03 09:12:16",,"user1593705","improving formatting"
19185144,1,48641013,2,"2013-10-04 15:31:17",980449,"",""
19286834,1,49003395,2,"2013-10-10 03:59:03",500401,"",""
19286834,1,49055521,5,"2013-10-10 16:53:22",500401,"","added 212 characters in body"
19286834,1,49056128,5,"2013-10-10 17:01:06",500401,"","added 116 characters in body"
19327956,1,49147604,2,"2013-10-11 22:02:34",1429714,"",""
19327956,1,49147800,5,"2013-10-11 22:08:05",1429714,"","added 137 characters in body"
19329669,1,49153761,2,"2013-10-12 02:02:31",1473653,"",""
19403113,1,49420069,2,"2013-10-16 12:14:38",1037729,"",""
19403113,1,49421317,5,"2013-10-16 12:29:18",1037729,"","added 38 characters in body"
19445636,1,49571432,2,"2013-10-18 09:02:48",2648752,"",""
19445636,1,49571506,5,"2013-10-18 09:04:17",2634160,"","Improved formatting"
19526373,1,49861252,2,"2013-10-22 19:15:24",1647052,"",""
19526373,1,49925185,5,"2013-10-23 14:29:45",1647052,"","Added db lines"
19526373,1,49943602,5,"2013-10-23 18:38:17",1647052,"","Added 51degrees.mobi paragraph"
19526373,1,49944445,5,"2013-10-23 18:51:28",1647052,"","deleted 113 characters in body"
19599928,1,50118771,2,"2013-10-25 21:45:59",2905382,"",""
19674606,1,50389320,2,"2013-10-30 05:35:52",2934942,"",""
19674606,1,50389383,5,"2013-10-30 05:36:57",1560062,"","added 24 characters in body"
19748769,1,50653486,2,"2013-11-03 01:06:48",2859840,"",""
19748769,1,50653679,5,"2013-11-03 01:13:15",2859840,"","deleted 3 characters in body"
19748769,1,50653864,5,"2013-11-03 01:21:17",2859840,"","added 177 characters in body"
19748769,1,50653981,5,"2013-11-03 01:26:20",2859840,"","added 177 characters in body"
19748769,1,50654091,5,"2013-11-03 01:32:45",2859840,"","added 177 characters in body"
19748769,1,50654347,5,"2013-11-03 01:43:16",2859840,"","added 98 characters in body"
19748769,1,50654977,5,"2013-11-03 02:12:51",2859840,"","deleted 547 characters in body; edited title"
19840201,1,50978825,2,"2013-11-07 15:44:10",1993277,"",""
19840201,1,51025986,5,"2013-11-08 07:12:36",1888017,"","remove personal"
19937297,1,51323723,2,"2013-11-12 18:39:50",143269,"",""
19937297,1,51346238,5,"2013-11-13 01:50:21",143269,"","added 433 characters in body"
19997181,1,51534038,2,"2013-11-15 09:03:08",2746526,"",""
19997181,1,51534334,5,"2013-11-15 09:08:28",1698987,"","Code Alignment, readabilit"
20111984,1,51945027,2,"2013-11-21 03:39:21",3007275,"",""
20111984,1,51945217,5,"2013-11-21 03:45:44",1920232,"","added 20 characters in body"
20235787,1,52384370,2,"2013-11-27 06:53:02",2960701,"",""
20235787,1,52386038,5,"2013-11-27 07:26:32",2960701,"","added 108 characters in body"
20235787,1,52390810,5,"2013-11-27 08:51:26",2960701,"","added 58 characters in body"
20385152,1,52919122,2,"2013-12-04 20:23:18",48700,"",""
20800992,1,54447357,2,"2013-12-27 12:46:30",2249760,"",""
20800992,1,54448667,5,"2013-12-27 13:10:47",1315120,"","corrected formatting"
20804133,1,54459022,2,"2013-12-27 16:29:57",2312873,"",""
20804133,1,54459491,5,"2013-12-27 16:36:52",835002,"","fixed code tags"
20804133,1,54463816,5,"2013-12-27 18:01:00",2312873,"","deleted 3 characters in body"
20849332,1,54632960,2,"2013-12-30 23:31:16",1476269,"",""
20849332,1,54633467,5,"2013-12-30 23:43:47",1476269,"","Added blankOutImageView code"
20849332,1,54634337,5,"2013-12-31 00:08:28",1476269,"","Added some data."
8724045,1,54866356,5,"2014-01-03 21:25:37",68587,"","deleted 10 characters in body; edited tags"
21173910,1,55823414,2,"2014-01-16 22:06:52",464341,"",""
21176131,1,55831367,2,"2014-01-17 01:14:11",3096206,"",""
21240221,1,56069062,2,"2014-01-20 17:19:20",960504,"",""
21243434,1,56080621,2,"2014-01-20 20:23:25",3157384,"",""
21243434,1,56081059,5,"2014-01-20 20:30:13",206403,"","deleted 1 characters in body"
21380207,1,56579354,2,"2014-01-27 11:54:47",1358806,"",""
21444254,1,56808497,2,"2014-01-29 22:41:56",,"user3250884",""
21729187,1,57855577,2,"2014-02-12 13:23:24",2560049,"",""
21729187,1,57856563,5,"2014-02-12 13:34:36",2560049,"","added 2019 characters in body"
21729187,1,57864550,5,"2014-02-12 15:08:06",2560049,"","added 1883 characters in body"
21805996,1,58139884,2,"2014-02-16 01:12:57",3182392,"",""
21805996,1,58144435,5,"2014-02-16 04:22:46",3182392,"","deleted 1 characters in body"
21805996,1,58164632,5,"2014-02-16 14:49:56",3182392,"","added 368 characters in body"
21843334,1,58277869,2,"2014-02-18 02:42:20",3321027,"",""
21843334,1,58278286,5,"2014-02-18 02:55:54",3321027,"","deleted 29 characters in body"
21843334,1,58279769,5,"2014-02-18 03:18:21",3321027,"","added 7194 characters in body"
22026148,1,58955175,2,"2014-02-25 21:05:17",348946,"",""
22026148,1,58961666,5,"2014-02-25 22:43:11",348946,"","added 998 characters in body"
22026148,1,58962254,5,"2014-02-25 22:53:04",348946,"","added 304 characters in body"
22135423,1,59369324,2,"2014-03-02 23:57:52",3163416,"",""
22135423,1,59369400,5,"2014-03-03 00:00:47",2812842,"","added 6 characters in body"
22135423,1,59369425,5,"2014-03-03 00:01:52",283366,"","Removed cruft"
22248258,1,59790779,2,"2014-03-07 11:00:06",507079,"",""
22248258,1,59838951,5,"2014-03-07 21:41:08",1518974,"","Fixing tags and formatting"
22432819,1,60492158,2,"2014-03-16 04:04:30",799441,"",""
22432819,1,60492306,5,"2014-03-16 04:10:51",41956,"","deleted 31 characters in body; edited tags"
22805451,1,61884476,2,"2014-04-02 08:19:14",3440716,"",""
23005337,1,62631340,2,"2014-04-11 06:44:39",3336124,"",""
23005337,1,62631709,5,"2014-04-11 06:50:11",2202702,"","fixed grammar "
23328840,1,63851563,2,"2014-04-27 20:52:05",3579115,"",""
23328840,1,63852663,5,"2014-04-27 21:19:42",1939961,"","Better formatting for code etc."
23417992,1,64187900,2,"2014-05-01 22:49:13",3490755,"",""
23683604,1,65216558,2,"2014-05-15 16:14:06",1114993,"",""
23693293,1,65254511,2,"2014-05-16 05:36:45",3337391,"",""
23693293,1,65255299,5,"2014-05-16 05:55:07",238047,"","Moved the code from comment  to the original post"
23693293,1,65288764,5,"2014-05-16 19:16:42",1733163,"","links to metacpan and more spacing to make issue more clear."
23954005,1,66259002,2,"2014-05-30 11:54:48",3445510,"",""
23960862,1,66284514,2,"2014-05-30 18:08:32",3691689,"",""
13117163,1,66521929,5,"2014-06-03 18:28:44",1196603,"","deleted 26 characters in body; edited tags"
24057715,1,66655337,2,"2014-06-05 10:27:09",1469208,"",""
24057715,1,66658966,5,"2014-06-05 11:12:20",1469208,"","added 147 characters in body; edited tags"
24078249,1,66733138,2,"2014-06-06 09:16:11",2666238,"",""
24078249,1,66742351,5,"2014-06-06 11:25:00",2666238,"","additional information added"
24157352,1,67042464,2,"2014-06-11 07:46:48",1194864,"",""
24157352,1,67042888,5,"2014-06-11 07:53:41",1158060,"","Fixed code formatting and typos"
24157352,1,67042892,5,"2014-06-11 07:53:46",1194864,"","Fixed code formatting and typos"
24157352,1,67043581,5,"2014-06-11 08:03:28",1194864,"","added 36 characters in body"
24157352,1,67121234,5,"2014-06-12 07:07:01",1194864,"","added 35 characters in body; edited title"
24157352,1,67122341,5,"2014-06-12 07:24:44",1194864,"","added 57 characters in body"
23960862,1,68370400,5,"2014-06-30 19:21:09",321731,"","added 20 characters in body; edited tags; added 8 characters in body; deleted 6 characters in body"
24642572,1,68928387,2,"2014-07-08 22:34:39",1215098,"",""
24642572,1,68953630,5,"2014-07-09 08:47:45",1215098,"","new info"
24652962,1,68967845,2,"2014-07-09 11:52:06",2291869,"",""
24652962,1,68972360,5,"2014-07-09 12:49:26",2291869,"","added 99 characters in body"
24681568,1,69072510,2,"2014-07-10 16:17:06",1355500,"",""
24681568,1,69088103,5,"2014-07-10 20:29:48",1355500,"","deleted 10 characters in body; edited tags"
24734926,1,69282708,2,"2014-07-14 10:52:44",855306,"",""
24734926,1,69343056,5,"2014-07-15 06:15:57",855306,"","corrected ordering of paragraphs from previous edit"
24987992,1,70246384,2,"2014-07-28 03:18:19",2992738,"",""
24987992,1,70246819,5,"2014-07-28 03:36:50",2992738,"","added 61 characters in body"
24987992,1,70248430,5,"2014-07-28 04:36:04",2992738,"","deleted 1 character in body"
25015955,1,70351572,2,"2014-07-29 13:00:57",2024124,"",""
25015955,1,70352454,5,"2014-07-29 13:12:18",2024124,"","added 24 characters in body"
25079806,1,70588917,2,"2014-08-01 12:00:34",1300140,"",""
25079806,1,70589302,5,"2014-08-01 12:06:28",1300140,"","added 1548 characters in body"
25268224,1,71315836,2,"2014-08-12 15:24:31",3934047,"",""
25426717,1,71918236,2,"2014-08-21 12:45:53",3869566,"",""
25426717,1,71918722,5,"2014-08-21 12:52:17",3869566,"","deleted 7 characters in body"
25426717,1,71918853,5,"2014-08-21 12:54:05",3653341,"","changed so that it is easyer to read"
25426717,1,71918953,5,"2014-08-21 12:55:44",3869566,"","added 1 character in body"
25467356,1,72078106,2,"2014-08-23 23:47:32",2853283,"",""
25467356,1,72125763,5,"2014-08-25 04:59:42",2853283,"","added an update"
25734067,1,73097073,2,"2014-09-08 22:31:20",402645,"",""
25734067,1,73097303,5,"2014-09-08 22:37:43",402645,"","Added link to documentation"
25776865,1,73255794,2,"2014-09-10 23:48:31",3091374,"",""
25866634,1,73601453,2,"2014-09-16 10:41:36",2049466,"",""
25866634,1,73601782,5,"2014-09-16 10:45:38",3885376,"","Indented code, corrected some words, but it is still unclear and needs some edits"
25866634,1,73601784,5,"2014-09-16 10:45:40",13302,"","added 37 characters in body; edited title; edited tags"
25866634,1,73601876,5,"2014-09-16 10:47:20",2049466,"","added 108 characters in body"
25866634,1,73601922,5,"2014-09-16 10:47:38",13302,"","edited body"
25874434,1,73630077,2,"2014-09-16 16:55:42",4047222,"",""
25874434,1,73632532,5,"2014-09-16 17:32:21",382059,"","Improved formatting"
26155755,1,74707163,2,"2014-10-02 06:55:45",3540448,"",""
26155755,1,74707252,5,"2014-10-02 06:57:36",2577734,"","formatted text"
26155755,1,74709870,5,"2014-10-02 07:54:03",13302,"","deleted 16 characters in body; edited title"
26205287,1,74901444,2,"2014-10-05 17:31:41",1019250,"",""
26215789,1,74941737,2,"2014-10-06 12:00:18",4070833,"",""
26215789,1,74941918,5,"2014-10-06 12:03:12",523908,"","wrong formatting"
26215789,1,74942535,5,"2014-10-06 12:14:27",3017818,"","improved formatting - removed all the empty lines, were way too many of them"
26215789,1,74942537,5,"2014-10-06 12:14:27",1869846,"","improved formatting - removed all the empty lines, were way too many of them"
26231961,1,75003342,2,"2014-10-07 08:40:51",2316068,"",""
26610445,1,76450692,2,"2014-10-28 14:08:54",2927252,"",""
26610445,1,76451963,5,"2014-10-28 14:24:28",151239,"","error format"
26628916,1,76520085,2,"2014-10-29 11:15:36",4193734,"",""
26686004,1,76740294,2,"2014-11-01 03:40:17",4204528,"",""
26686004,1,76740480,5,"2014-11-01 03:53:06",4204528,"","added 541 characters in body"
26714772,1,76850510,2,"2014-11-03 12:51:28",4210405,"",""
27206962,1,78732191,2,"2014-11-29 20:49:12",4307262,"",""
27206962,1,78732560,5,"2014-11-29 21:01:34",4307262,"","added 321 characters in body"
27494384,1,79835890,2,"2014-12-15 22:31:57",3928572,"",""
27494384,1,79836178,5,"2014-12-15 22:38:29",76337,"","deleted 28 characters in body; edited title"
27494384,1,79838733,5,"2014-12-15 23:36:30",3928572,"","added 6 characters in body; edited title"
27494384,1,79842730,5,"2014-12-16 01:32:01",64046,"","This is related to MySQL, not MySQL Workbench"
27598728,1,80242745,2,"2014-12-22 08:02:50",1941001,"",""
27598728,1,80243055,5,"2014-12-22 08:10:40",,"user4275591","Properly formatted the code."
27738909,1,80788549,2,"2015-01-02 07:31:21",4411748,"",""
27738909,1,80788791,5,"2015-01-02 07:38:28",4411748,"","added 15 characters in body"
27757220,1,80864545,2,"2015-01-03 16:57:54",3768231,"",""
27812239,1,81072331,2,"2015-01-07 04:04:26",3936403,"",""
27970737,1,81682301,2,"2015-01-15 18:46:50",4031604,"",""
27970737,1,81682823,5,"2015-01-15 18:55:00",825844,"","useful words highlighting"
27970737,1,81683132,5,"2015-01-15 18:59:26",4031604,"","added 566 characters in body"
27973970,1,81694412,2,"2015-01-15 22:12:32",2921557,"",""
27970737,1,82079872,5,"2015-01-21 18:14:32",16287,"","grammar"
28271852,1,82853087,2,"2015-02-02 05:53:45",3912677,"",""
28271852,1,82854551,5,"2015-02-02 06:32:29",4417613,"","improved format"
28271852,1,82854553,5,"2015-02-02 06:32:29",2615940,"","Removed fluff"
28280911,1,82887569,2,"2015-02-02 15:19:15",2528063,"",""
28280911,1,82891145,5,"2015-02-02 16:09:02",2528063,"","edited title to distinguish from dynamic keyword"
28280911,1,82938204,5,"2015-02-03 08:24:49",2528063,"","ommited type-argument and added type-param"
28603218,1,84115889,2,"2015-02-19 09:52:07",2490421,"",""
28603218,1,84116514,5,"2015-02-19 10:00:55",2490421,"","added 1907 characters in body"
28669303,1,84374219,2,"2015-02-23 08:08:57",4595919,"",""
28669303,1,84374354,5,"2015-02-23 08:11:34",3636601,"","deleted 1 character in body"
28669303,1,84374368,5,"2015-02-23 08:11:49",696364,"","'Thank you' is unnecessary noise."
28669303,1,84376051,5,"2015-02-23 08:45:46",4595919,"","added 29 characters in body"
28669303,1,84377807,5,"2015-02-23 09:16:46",681807,"","removed redundant tags, added js tag, added code snippet, made title more descriptive and divided up question body to aid readability"
28678207,1,84407434,2,"2015-02-23 16:18:00",828403,"",""
28678207,1,84407845,5,"2015-02-23 16:23:21",828403,"","correction to property names"
28689154,1,84449404,2,"2015-02-24 06:03:12",4599839,"",""
28689154,1,84449503,5,"2015-02-24 06:06:54",1391249,"","added 2 characters in body; edited tags; edited title"
28778279,1,84791127,2,"2015-02-28 05:00:32",4344372,"",""
28841273,1,85029646,2,"2015-03-03 20:24:58",2946289,"",""
28841273,1,85029904,5,"2015-03-03 20:30:47",2946289,"","added 51 characters in body"
28862387,1,85108833,2,"2015-03-04 18:43:52",4252155,"",""
28896909,1,85238041,2,"2015-03-06 10:31:49",3639557,"",""
28931927,1,85381513,2,"2015-03-08 21:10:09",4532872,"",""
28956853,1,85476492,2,"2015-03-10 05:40:09",722796,"",""
28956853,1,85476672,5,"2015-03-10 05:45:13",722796,"","edited body"
28956853,1,85477486,5,"2015-03-10 06:04:32",722796,"","added 353 characters in body"
28956853,1,85478028,5,"2015-03-10 06:17:50",722796,"","added 259 characters in body"
28956853,1,85478299,5,"2015-03-10 06:22:51",722796,"","added 259 characters in body"
28963727,1,85502063,2,"2015-03-10 12:26:48",1032765,"",""
28989142,1,85597440,2,"2015-03-11 14:20:13",4584358,"",""
28989142,1,85597718,5,"2015-03-11 14:24:21",717383,"","added 50 characters in body"
28989142,1,85617764,5,"2015-03-11 18:29:20",4584358,"","improved explanation"
29152571,1,86228948,2,"2015-03-19 18:42:31",4691206,"",""
29152571,1,86229277,5,"2015-03-19 18:48:05",3697011,"","deleted 4 characters in body"
29152571,1,86231799,5,"2015-03-19 19:27:31",215552,"","Updated title to remove tag, which should be in the tags; updated capitalization and formatting. Removed incorrectly used postmessage tag, which is for the web browser command."
29204603,1,86438101,2,"2015-03-23 06:47:40",2180139,"",""
29204603,1,86438406,5,"2015-03-23 06:54:11",2180139,"","added 74 characters in body"
29248101,1,86603299,2,"2015-03-25 05:28:01",4710462,"",""
29432786,1,87315051,2,"2015-04-03 13:06:40",4746344,"",""
29432786,1,87320263,5,"2015-04-03 14:33:27",3961546,"","deleted 16 characters in body"
29544031,1,87748788,2,"2015-04-09 16:29:44",4770135,"",""
29744638,1,88537825,2,"2015-04-20 09:56:37",4728605,"",""
29744638,1,88538894,5,"2015-04-20 10:08:41",4728605,"","added 213 characters in body"
30239694,1,90471042,2,"2015-05-14 14:17:21",4401721,"",""
30239694,1,90471416,5,"2015-05-14 14:21:38",3111149,"","added 152 characters in body"
30267258,1,90576684,2,"2015-05-15 19:22:28",4769194,"",""
30274927,1,90615723,2,"2015-05-16 11:13:04",4082851,"",""
30274927,1,90732994,5,"2015-05-18 13:44:30",4082851,"","added 277 characters in body"
30352228,1,90916269,2,"2015-05-20 14:12:21",2054487,"",""
30352228,1,90918787,5,"2015-05-20 14:39:59",2054487,"","Updating the tile"
30389438,1,91058793,2,"2015-05-22 06:04:55",4702701,"",""
30389438,1,91058836,5,"2015-05-22 06:05:29",3636601,"","added 30 characters in body"
30389438,1,91059238,5,"2015-05-22 06:12:53",4513879,"","formatting"
30389438,1,91060977,5,"2015-05-22 06:45:11",2706726,"","code edited"
30392313,1,91069765,2,"2015-05-22 08:51:16",428682,"",""
30392313,1,91071415,5,"2015-05-22 09:11:24",428682,"","added the bundle config"
30428254,1,91219151,2,"2015-05-24 20:56:58",1523238,"",""
30505380,1,91515603,2,"2015-05-28 11:32:38",3120076,"",""
30505380,1,91536744,5,"2015-05-28 15:28:05",4519059,"","macros tag is not for Office macro"
30625803,1,91989109,2,"2015-06-03 16:32:16",1382112,"",""
30626095,1,91990298,2,"2015-06-03 16:48:46",4966877,"",""
30626095,1,91994323,5,"2015-06-03 17:44:54",4114124,"","added some tags, moved image inline"
30703197,1,92299508,2,"2015-06-08 07:18:08",2262511,"",""
30703197,1,92304757,5,"2015-06-08 08:39:40",2262511,"","added 1195 characters in body"
30815560,1,92730260,2,"2015-06-13 05:50:42",4980528,"",""
30815560,1,92744260,5,"2015-06-13 08:56:21",1862812,"","deleted 4 characters in body; deleted 67 characters in body"
30823865,1,92772312,2,"2015-06-13 21:46:38",3072722,"",""
30823865,1,92894739,5,"2015-06-15 21:12:46",3072722,"","Added in result of using margin-left to fix problem"
31078374,1,93762468,2,"2015-06-26 16:53:43",3599580,"",""
31177159,1,94154986,2,"2015-07-02 06:36:33",1095451,"",""
31247372,1,94435838,2,"2015-07-06 13:38:58",1921872,"",""
31376531,1,94940189,2,"2015-07-13 06:17:05",5109728,"",""
31376531,1,94941870,5,"2015-07-13 06:47:30",3223917,"","Improved formatting"
31394471,1,95008962,2,"2015-07-13 22:20:01",4371033,"",""
31508363,1,95455521,2,"2015-07-20 03:17:50",4753072,"",""
31508363,1,95473652,5,"2015-07-20 09:33:10",63550,"","Copy edited."
31575604,1,95711212,2,"2015-07-22 23:15:12",3697143,"",""
31575604,1,95713481,5,"2015-07-23 00:26:29",2580791,"","deleted 2 characters in body"
31575604,1,95722478,5,"2015-07-23 05:03:49",3697143,"","added 102 characters in body"
31575604,1,95722935,5,"2015-07-23 05:13:39",3697143,"","added 19 characters in body"
31855062,1,96803723,2,"2015-08-06 11:52:59",2335052,"",""
31941304,1,97145903,2,"2015-08-11 12:03:59",3335791,"",""
31947408,1,97169429,2,"2015-08-11 16:40:20",5215856,"",""
31947408,1,97180528,5,"2015-08-11 19:26:55",5215856,"","added 706 characters in body"
30267258,1,97473510,5,"2015-08-15 11:46:54",2570353,"","removed thanks etc"
32066528,1,97637929,2,"2015-08-18 07:47:29",4548751,"",""
32066528,1,97638601,5,"2015-08-18 07:56:28",4548751,"","edited body"
32066528,1,97639712,5,"2015-08-18 08:10:44",4548751,"","added 908 characters in body"
32066528,1,97642757,5,"2015-08-18 08:50:21",4548751,"","added 836 characters in body"
32066528,1,97644542,5,"2015-08-18 09:13:53",4548751,"","added 1371 characters in body"
32174304,1,98062405,2,"2015-08-24 04:08:06",3210615,"",""
32174304,1,98063989,5,"2015-08-24 04:59:18",3210615,"","edited body"
32244415,1,98329864,2,"2015-08-27 08:33:56",1617002,"",""
32286400,1,98498900,2,"2015-08-29 13:08:32",5204531,"",""
32286400,1,98506230,5,"2015-08-29 16:17:42",3110834,"","Edit title"
32403966,1,98950614,2,"2015-09-04 17:55:15",2498088,"",""
32403966,1,98958345,5,"2015-09-04 20:20:51",1505120,"","deleted 5 characters in body; edited tags"
32590670,1,99695302,2,"2015-09-15 16:02:30",3529171,"",""
32590670,1,99696988,5,"2015-09-15 16:25:38",3529171,"","deleted 565 characters in body"
32617753,1,99798984,2,"2015-09-16 20:08:22",156611,"",""
32617753,1,99800168,5,"2015-09-16 20:27:37",156611,"","Update to clarify confusion identified by @Hogan"
32617753,1,99800747,5,"2015-09-16 20:37:22",156611,"","edited title"
32619998,1,99807325,2,"2015-09-16 22:47:25",253254,"",""
32619998,1,99868980,5,"2015-09-17 16:52:09",253254,"","deleted 1 character in body"
32619998,1,99878153,5,"2015-09-17 19:10:40",253254,"","deleted 4 characters in body"
32619998,1,99880290,5,"2015-09-17 19:48:22",253254,"","added working example."
32713267,1,100178750,2,"2015-09-22 09:26:40",1555756,"",""
32794732,1,100490503,2,"2015-09-26 07:27:09",5378691,"",""
32794732,1,100490901,5,"2015-09-26 07:40:19",692410,"","Made stack trace a code block"
32852775,1,100726495,2,"2015-09-29 20:00:44",5390349,"",""
32852775,1,100727385,5,"2015-09-29 20:16:04",1630171,"","removed tag from subject, improved formatting, removed fluff"
32863127,1,100766891,2,"2015-09-30 09:56:38",2407212,"",""
8276698,1,101019992,5,"2015-10-03 19:29:50",1790644,"","edited body"
29432786,1,101200246,5,"2015-10-06 14:31:52",3682583,"","Questions Edited In A Proper Manner"
29432786,1,101200248,5,"2015-10-06 14:31:52",693527,"","Questions Edited In A Proper Manner"
30352228,1,101690421,5,"2015-10-13 07:42:37",472495,"","Trim chat and voting commentary, format error"
33238719,1,102248121,2,"2015-10-20 13:57:43",3147766,"",""
33238719,1,102252239,5,"2015-10-20 14:44:05",3147766,"","added 1 character in body"
33418686,1,102952537,2,"2015-10-29 15:41:24",5364583,"",""
33450324,1,103083663,2,"2015-10-31 10:03:14",2176403,"",""
33450324,1,103153470,5,"2015-11-01 21:53:42",2176403,"","added 7 characters in body"
33450324,1,103153661,5,"2015-11-01 21:59:06",2176403,"","added 7 characters in body"
33492487,1,103251370,2,"2015-11-03 06:11:31",2749780,"",""
33496559,1,103266986,2,"2015-11-03 10:18:32",4229175,"",""
33496559,1,103269211,5,"2015-11-03 10:46:26",2279200,"","fixed typos"
33522620,1,103367186,2,"2015-11-04 12:59:21",644978,"",""
33605379,1,103702481,2,"2015-11-09 08:49:03",4388077,"",""
33605379,1,103707450,5,"2015-11-09 10:07:23",4388077,"","added 1514 characters in body"
33776809,1,104385131,2,"2015-11-18 09:56:11",3513092,"",""
33901140,1,104884051,2,"2015-11-24 18:27:51",4367703,"",""
33901140,1,104884191,5,"2015-11-24 18:29:37",4367703,"","added 71 characters in body"
34020473,1,105364878,2,"2015-12-01 12:28:59",2354493,"",""
34020473,1,105365199,5,"2015-12-01 12:32:41",4876493,"","Update question"
34020473,1,105365314,5,"2015-12-01 12:34:07",1190388,"","edited tags"
34059371,1,105517375,2,"2015-12-03 06:38:47",2006939,"",""
34059371,1,105518789,5,"2015-12-03 07:03:50",2006939,"","added 86 characters in body"
34187943,1,106028235,2,"2015-12-09 20:01:47",959734,"",""
34187943,1,106029029,5,"2015-12-09 20:12:52",959734,"","added 151 characters in body"
34187943,1,106037622,5,"2015-12-09 22:40:05",959734,"","added 268 characters in body"
34278813,1,106397060,2,"2015-12-15 00:00:44",,"user5672814",""
34334831,1,106618643,2,"2015-12-17 12:38:01",5187990,"",""
34334831,1,106678207,5,"2015-12-18 06:54:59",5187990,"","added 659 characters in body"
34334831,1,106690797,5,"2015-12-18 10:20:48",5187990,"","One drive file is given"
34589591,1,107651372,2,"2016-01-04 10:59:00",4854993,"",""
34589591,1,107652081,5,"2016-01-04 11:09:19",4854993,"","deleted 8 characters in body"
34589591,1,107655395,5,"2016-01-04 11:56:19",4854993,"","added 35 characters in body"
34589591,1,107747420,5,"2016-01-05 14:49:00",4854993,"","added 686 characters in body"
34631170,1,107811903,2,"2016-01-06 10:45:31",2235817,"",""
34631170,1,107817881,5,"2016-01-06 12:06:37",4720935,"","deleted 32 characters in body; added 10 characters in body; edited title"
34732718,1,108215361,2,"2016-01-11 22:59:27",363917,"",""
1429558,1,110725165,5,"2016-02-12 19:39:19",4370109,"","edited tags"
35517503,1,111301979,2,"2016-02-20 00:23:35",1852042,"",""
35517503,1,111304124,5,"2016-02-20 01:31:09",1852042,"","added 299 characters in body"
35579088,1,111552466,2,"2016-02-23 13:38:52",2150474,"",""
35579088,1,111552627,5,"2016-02-23 13:40:47",1011527,"","added 13 characters in body"
35752780,1,112236746,2,"2016-03-02 16:23:29",4967389,"",""
35752780,1,112238034,5,"2016-03-02 16:38:32",4967389,"","deleted 396 characters in body"
35752780,1,112238867,5,"2016-03-02 16:48:07",4967389,"","deleted 699 characters in body"
25268224,1,112365984,5,"2016-03-04 00:26:26",41956,"","edited tags"
35811117,1,112463314,2,"2016-03-05 06:53:48",1019893,"",""
35811117,1,112463595,5,"2016-03-05 07:00:39",1019893,"","deleted 36 characters in body; edited title"
35811117,1,112464118,5,"2016-03-05 07:17:56",1019893,"","added 3 characters in body"
36098769,1,113607416,2,"2016-03-19 06:47:16",6085590,"",""
36118191,1,113695207,2,"2016-03-20 19:05:49",1624552,"",""
36118191,1,113696572,5,"2016-03-20 19:35:36",1624552,"","added 341 characters in body"
36098769,1,113727592,5,"2016-03-21 08:40:24",6085590,"","deleted 99 characters in body"
36825009,1,116496324,2,"2016-04-24 15:17:43",4634109,"",""
36825009,1,116496627,5,"2016-04-24 15:24:09",1144035,"","added 2 characters in body"
36825009,1,116496849,5,"2016-04-24 15:28:14",5070879,"","added 10 characters in body; edited tags"
36825009,1,116522416,5,"2016-04-25 03:16:33",5070879,"","added 18 characters in body"
36981000,1,117109752,2,"2016-05-02 11:08:25",6244975,"",""
36981000,1,117110197,5,"2016-05-02 11:15:16",,"user5938635","change in main section"
37008733,1,117217378,2,"2016-05-03 15:49:42",2371515,"",""
37358412,1,118589933,2,"2016-05-21 02:55:04",3066714,"",""
37358412,1,118590905,5,"2016-05-21 03:23:02",3066714,"","added 60 characters in body"
37371916,1,118652930,2,"2016-05-22 08:02:12",2402391,"",""
37807068,1,120379259,2,"2016-06-14 08:44:31",3070181,"",""
38004535,1,121158002,2,"2016-06-24 01:57:15",6506859,"",""
38004535,1,121160255,5,"2016-06-24 03:05:51",4625829,"","formatting"
38070148,1,121425885,2,"2016-06-28 07:47:28",4894157,"",""
38070148,1,121433734,5,"2016-06-28 09:22:44",4894157,"","added 124 characters in body"
38108211,1,121573338,2,"2016-06-29 19:11:38",3781199,"",""
38108211,1,121574165,5,"2016-06-29 19:25:08",3781199,"","Code formatting."
38108211,1,121582122,5,"2016-06-29 21:38:51",3781199,"","added 1664 characters in body"
38181840,1,121871754,2,"2016-07-04 09:59:04",2959172,"",""
38181840,1,121872385,5,"2016-07-04 10:07:19",2959172,"","added 36 characters in body"
38262106,1,122182773,2,"2016-07-08 08:24:27",2142074,"",""
38370378,1,122615230,2,"2016-07-14 09:23:23",6515671,"",""
38370378,1,122616145,5,"2016-07-14 09:33:03",6515671,"","added 18 characters in body"
38562892,1,123385703,2,"2016-07-25 08:26:44",610244,"",""
38904543,1,124733239,2,"2016-08-11 19:22:53",5543469,"",""
38904543,1,124733927,5,"2016-08-11 19:33:48",4084574,"","fixed grammar"
38904543,1,124734352,5,"2016-08-11 19:40:47",2734189,"","added 96 characters in body; edited tags"
38956042,1,124946803,2,"2016-08-15 13:31:25",2322333,"",""
38956042,1,125010109,5,"2016-08-16 10:19:11",2322333,"","added 556 characters in body"
39145221,1,125694969,2,"2016-08-25 12:22:47",6757033,"",""
39174864,1,125810126,2,"2016-08-26 21:28:55",6763074,"",""
39174864,1,125816630,5,"2016-08-27 01:12:24",155423,"","http://meta.stackexchange.com/q/19190/281829"
39196951,1,125908303,2,"2016-08-29 00:11:28",2615065,"",""
39196951,1,125914166,5,"2016-08-29 04:20:25",13302,"","added 2 characters in body; edited title"
39388871,1,126670131,2,"2016-09-08 10:44:27",6413651,"",""
39410796,1,126755299,2,"2016-09-09 11:41:40",3795594,"",""
10529907,1,127507255,5,"2016-09-20 14:00:22",1464444,"","removed not-applicable tags"
39712740,1,127971585,2,"2016-09-26 21:31:02",6883847,"",""
39712740,1,128150751,5,"2016-09-28 23:02:16",6883847,"","added 321 characters in body"
39762476,1,128164485,2,"2016-09-29 05:59:16",6563929,"",""
39762476,1,128164756,5,"2016-09-29 06:04:17",6563929,"","deleted 185 characters in body"
39877658,1,128625561,2,"2016-10-05 15:06:48",106616,"",""
39877658,1,128626188,5,"2016-10-05 15:14:42",106616,"","deleted 142 characters in body"
39877658,1,128629602,5,"2016-10-05 15:56:21",106616,"","added 229 characters in body"
39907986,1,128743938,2,"2016-10-07 01:24:08",6934855,"",""
40007097,1,129150196,2,"2016-10-12 19:46:48",7009931,"",""
40007097,1,129150892,5,"2016-10-12 19:57:54",7009931,"","added 51 characters in body"
40007097,1,129151799,5,"2016-10-12 20:13:24",6867534,"","corrected spelling"
40007097,1,129152080,5,"2016-10-12 20:17:39",7009931,"","added 23 characters in body; edited tags; edited title"
40007097,1,129166102,5,"2016-10-13 02:08:53",7009931,"","deleted 107 characters in body"
40007097,1,129182741,5,"2016-10-13 08:04:19",7009931,"","added 69 characters in body"
40007097,1,129188379,5,"2016-10-13 09:16:39",7009931,"","added 8 characters in body"
40007097,1,129190362,5,"2016-10-13 09:38:09",7009931,"","added 1184 characters in body"
40007097,1,129190854,5,"2016-10-13 09:43:31",7009931,"","added 1184 characters in body"
40007097,1,129191830,5,"2016-10-13 09:54:23",7009931,"","added 8 characters in body"
40030027,1,129239926,2,"2016-10-13 20:08:05",499448,"",""
40065340,1,129385829,2,"2016-10-15 23:40:24",2370558,"",""
40065340,1,129389811,5,"2016-10-16 02:47:02",2370558,"","Added str() output"
40140062,1,129676562,2,"2016-10-19 19:33:43",1358403,"",""
40141263,1,129681123,2,"2016-10-19 20:48:24",,"user6646201",""
40141263,1,129682492,5,"2016-10-19 21:13:20",,"user6646201","added 156 characters in body"
40141263,1,129682578,5,"2016-10-19 21:15:37",243373,"","better tags"
40217169,1,129993185,2,"2016-10-24 11:24:46",5918832,"",""
40217169,1,129993388,5,"2016-10-24 11:27:42",1997376,"","deleted 19 characters in body"
40229678,1,130042468,2,"2016-10-25 00:42:36",3698214,"",""
40229678,1,130045159,5,"2016-10-25 02:17:51",6811609,"","formatting"
40261443,1,130166634,2,"2016-10-26 11:45:07",3939356,"",""
40261443,1,130167145,5,"2016-10-26 11:52:34",3939356,"","added 7780 characters in body"
40261443,1,130167608,5,"2016-10-26 11:58:16",3939356,"","deleted 156 characters in body"
40261443,1,130167717,5,"2016-10-26 11:59:53",3939356,"","deleted 156 characters in body"
40261443,1,130353571,5,"2016-10-28 16:13:35",3741176,"","Improved Formatting"
40437342,1,130883921,2,"2016-11-05 10:50:54",7118674,"",""
40437342,1,130884527,5,"2016-11-05 11:06:53",5266998,"","highlight the code "
40437342,1,130884529,5,"2016-11-05 11:06:53",18665,"","highlight the code "
40742751,1,132151973,2,"2016-11-22 13:10:04",5080319,"",""
40742751,1,132153035,5,"2016-11-22 13:23:52",4355342,"","code given to snippet"
40742751,1,132153085,5,"2016-11-22 13:24:20",5080319,"","edited body"
40903939,1,132828670,2,"2016-12-01 06:26:33",3253038,"",""
40971189,1,133115500,2,"2016-12-05 09:39:35",1398399,"",""
41010586,1,133276675,2,"2016-12-07 06:11:27",5947166,"",""
41010586,1,133277261,5,"2016-12-07 06:22:55",5947166,"","added 4095 characters in body"
41010586,1,133278198,5,"2016-12-07 06:40:02",5947166,"","added 179 characters in body"
41081081,1,133576309,2,"2016-12-10 22:41:25",7274707,"",""
41178216,1,133976597,2,"2016-12-16 06:07:55",2719128,"",""
41178216,1,133978288,5,"2016-12-16 06:38:19",2641959,"","formatting"
20235787,1,134581049,5,"2016-12-25 04:28:49",1033581,"","spelling in title"
41435386,1,135086083,2,"2017-01-03 01:52:32",7367397,"",""
41438844,1,135100229,2,"2017-01-03 07:58:34",2622513,"",""
41544933,1,135544879,2,"2017-01-09 09:39:40",4667198,"",""
41544933,1,135545990,5,"2017-01-09 09:53:16",5357992,"","edited the discription and added tag"
41544933,1,135552405,5,"2017-01-09 11:14:13",4667198,"","deleted 68 characters in body"
41438844,1,136169447,5,"2017-01-17 10:35:22",1732133,"","better code formatting"
41713662,1,136246154,2,"2017-01-18 07:32:57",4658262,"",""
41713662,1,136248693,5,"2017-01-18 08:12:55",4658262,"","added 340 characters in body"
41713662,1,136270179,5,"2017-01-18 12:37:38",2853746,"","typo3 -> TYPO3"
41788377,1,136557184,2,"2017-01-22 07:23:45",7452762,"",""
41788377,1,136558677,5,"2017-01-22 08:12:52",4395882,"","Improved Formatting"
41788377,1,136558679,5,"2017-01-22 08:12:52",3396821,"","Improved Formatting"
41858348,1,136842898,2,"2017-01-25 17:54:31",6030912,"",""
41860287,1,136850632,2,"2017-01-25 19:43:07",6893207,"",""
41860287,1,136884509,5,"2017-01-26 08:28:12",6893207,"","added 13 characters in body"
41858348,1,136899368,5,"2017-01-26 12:13:49",1536976,"","deleted 5 characters in body"
42188880,1,138199226,2,"2017-02-12 14:36:42",5008663,"",""
42188880,1,138199964,5,"2017-02-12 14:53:52",5185595,"","added 44 characters in body"
42268595,1,138513515,2,"2017-02-16 08:30:40",2401348,"",""
42268595,1,138515880,5,"2017-02-16 09:02:06",2401348,"","added 100 characters in body"
42314535,1,138693898,2,"2017-02-18 11:27:30",2298933,"",""
42314535,1,138786021,5,"2017-02-20 00:36:26",2298933,"","added 52 characters in body"
42314535,1,138788672,5,"2017-02-20 02:05:11",2298933,"","added 14 characters in body"
42359675,1,138884658,2,"2017-02-21 05:52:11",1997501,"",""
42359675,1,138884729,5,"2017-02-21 05:53:56",3284463,"","Improved formatting"
42314535,1,138978095,5,"2017-02-22 05:22:49",2298933,"","added 1058 characters in body"
42314535,1,139149313,5,"2017-02-23 22:35:16",2298933,"","added 778 characters in body"
42314535,1,139149747,5,"2017-02-23 22:44:22",2298933,"","added 778 characters in body"
42314535,1,139185509,5,"2017-02-24 10:44:13",2298933,"","added 7 characters in body"
42476532,1,139356633,2,"2017-02-27 01:41:44",661896,"",""
42476532,1,139440934,5,"2017-02-27 23:29:35",661896,"","added 99 characters in body"
42518995,1,139523426,2,"2017-02-28 21:23:46",1524210,"",""
42518995,1,139523535,5,"2017-02-28 21:25:27",6348498,"","added 45 characters in body"
42586162,1,139786639,2,"2017-03-03 18:36:38",4850795,"",""
42586162,1,139786984,5,"2017-03-03 18:43:22",4850795,"","added 2 characters in body"
33418686,1,141804785,5,"2017-03-29 08:19:42",5364583,"","deleted 15 characters in body"
19674606,1,143290798,5,"2017-04-17 08:35:19",4370109,"","removed deprecated tag [table] - http://meta.stackexchange.com/questions/198024/can-we-start-cleaning-up-table-tag-and-burninate-it-asap"
43463384,1,143352750,2,"2017-04-18 04:05:43",541805,"",""
43463384,1,143352973,5,"2017-04-18 04:11:53",541805,"","added 409 characters in body"
31575604,1,144337432,5,"2017-04-30 20:41:00",13302,"","deleted 429 characters in body"
43784111,1,144623766,2,"2017-05-04 13:22:26",7694868,"",""
43798210,1,144678096,2,"2017-05-05 06:43:34",508343,"",""
43798210,1,144678426,5,"2017-05-05 06:49:00",508343,"","added 3 characters in body; edited title"
43935947,1,145225403,2,"2017-05-12 10:50:07",6735134,"",""
5756516,1,146037528,5,"2017-05-23 10:24:06",-1,"","replaced http://stackoverflow.com/ with https://stackoverflow.com/"
38562892,1,146158175,5,"2017-05-23 10:28:58",-1,"","replaced http://stackoverflow.com/ with https://stackoverflow.com/"
9001702,1,146180656,5,"2017-05-23 10:29:53",-1,"","replaced http://stackoverflow.com/ with https://stackoverflow.com/"
14634268,1,146234252,5,"2017-05-23 10:32:00",-1,"","replaced http://stackoverflow.com/ with https://stackoverflow.com/"
11812625,1,146255071,5,"2017-05-23 10:32:47",-1,"","replaced http://stackoverflow.com/ with https://stackoverflow.com/"
27812239,1,146280094,5,"2017-05-23 10:33:41",-1,"","replaced http://stackoverflow.com/ with https://stackoverflow.com/"
7953840,1,146307259,5,"2017-05-23 10:34:45",-1,"","replaced http://stackoverflow.com/ with https://stackoverflow.com/"
11813940,1,146322676,5,"2017-05-23 11:33:28",-1,"","replaced http://stackoverflow.com/ with https://stackoverflow.com/"
4142730,1,146448279,5,"2017-05-23 11:47:40",-1,"","replaced http://stackoverflow.com/ with https://stackoverflow.com/"
9509020,1,146460103,5,"2017-05-23 11:48:02",-1,"","replaced http://stackoverflow.com/ with https://stackoverflow.com/"
13864443,1,146613267,5,"2017-05-23 11:53:38",-1,"","replaced http://stackoverflow.com/ with https://stackoverflow.com/"
9067064,1,146704490,5,"2017-05-23 11:56:58",-1,"","replaced http://stackoverflow.com/ with https://stackoverflow.com/"
38108211,1,146755644,5,"2017-05-23 11:58:48",-1,"","replaced http://stackoverflow.com/ with https://stackoverflow.com/"
40065340,1,146803721,5,"2017-05-23 12:00:44",-1,"","replaced http://stackoverflow.com/ with https://stackoverflow.com/"
3751258,1,146982820,5,"2017-05-23 12:07:15",-1,"","replaced http://stackoverflow.com/ with https://stackoverflow.com/"
6928544,1,147110483,5,"2017-05-23 12:11:57",-1,"","replaced http://stackoverflow.com/ with https://stackoverflow.com/"
8426956,1,147112234,5,"2017-05-23 12:11:59",-1,"","replaced http://stackoverflow.com/ with https://stackoverflow.com/"
17426181,1,147194140,5,"2017-05-23 12:14:54",-1,"","replaced http://stackoverflow.com/ with https://stackoverflow.com/"
21240221,1,147219283,5,"2017-05-23 12:15:55",-1,"","replaced http://stackoverflow.com/ with https://stackoverflow.com/"
7559447,1,147328496,5,"2017-05-23 12:19:56",-1,"","replaced http://stackoverflow.com/ with https://stackoverflow.com/"
19327956,1,147541825,5,"2017-05-23 12:28:04",-1,"","replaced http://stackoverflow.com/ with https://stackoverflow.com/"
44443223,1,148937765,2,"2017-06-08 18:35:53",1886721,"",""
44443223,1,148940751,5,"2017-06-08 19:23:24",1886721,"","fix typo"
44903067,1,150793910,2,"2017-07-04 10:09:51",7568566,"",""
44903067,1,150794267,5,"2017-07-04 10:13:52",4494979,"","Improve format"
44903067,1,150794269,5,"2017-07-04 10:13:52",7568566,"","Improve format"
44942756,1,150948247,2,"2017-07-06 07:46:15",576741,"",""
44942756,1,150969569,5,"2017-07-06 11:58:17",576741,"","update with screenshots"
44949643,1,150975064,2,"2017-07-06 12:59:45",7680853,"",""
44949643,1,150975350,5,"2017-07-06 13:02:31",7680853,"","added 66 characters in body"
44949643,1,150978437,5,"2017-07-06 13:35:14",4131091,"","Typo in topic, code highlight"
44958919,1,151011770,2,"2017-07-06 21:11:49",3961821,"",""
44974478,1,151072787,2,"2017-07-07 15:23:58",3705364,"",""
11252831,1,151246595,5,"2017-07-10 14:55:28",1033581,"","spelling in title"
45114530,1,151634435,2,"2017-07-15 04:38:44",8291014,"",""
45118380,1,151650208,2,"2017-07-15 12:48:47",6183477,"",""
45118380,1,152022907,5,"2017-07-20 08:18:49",6183477,"","added 231 characters in body"
45306924,1,152421674,2,"2017-07-25 14:56:43",8156397,"",""
45306924,1,152424158,5,"2017-07-25 15:24:03",8156397,"","deleted 1 character in body"
45327033,1,152497232,2,"2017-07-26 12:29:26",1667978,"",""
45327033,1,152498533,5,"2017-07-26 12:44:02",6048114,"","format code"
45432461,1,152915813,2,"2017-08-01 08:16:28",696264,"",""
45436939,1,152933299,2,"2017-08-01 11:46:49",8392185,"",""
45432461,1,152934104,5,"2017-08-01 11:55:35",622310,"","Improve English and tidy Perl code. Add hyperlink to documentation"
45436939,1,152934346,5,"2017-08-01 11:58:40",7893951,"","Fixed the code indentation."
45436939,1,152934823,5,"2017-08-01 12:02:53",1842261,"","code formatting + question readability"
45689607,1,153980478,2,"2017-08-15 08:56:08",6556751,"",""
45689607,1,153981159,5,"2017-08-15 09:06:32",4479618,"","reformating code, fixing spelling"
45697828,1,154013598,2,"2017-08-15 17:04:39",5660809,"",""
45821700,1,154521457,2,"2017-08-22 15:27:37",1945957,"",""
45821700,1,154522662,5,"2017-08-22 15:43:34",1945957,"","added 524 characters in body"
45821700,1,154620654,5,"2017-08-23 18:01:46",1945957,"","Retagged C# and focused on describing my specific problem instead of asking a question that I figured would address my specific problem"
45872491,1,154723219,2,"2017-08-24 23:49:10",5884630,"",""
45872491,1,154723430,5,"2017-08-24 23:55:58",5884630,"","added 111 characters in body; edited tags"
46382348,1,156847888,2,"2017-09-23 17:26:11",7964895,"",""
46433814,1,157056234,2,"2017-09-26 18:52:48",6352333,"",""
46449640,1,157119664,2,"2017-09-27 13:50:31",6617575,"",""
46449640,1,157120427,5,"2017-09-27 13:58:32",5869325,"","Fixed grammar."
46466112,1,157185900,2,"2017-09-28 09:51:19",3091668,"",""
46466112,1,157187461,5,"2017-09-28 10:10:11",3091668,"","added 165 characters in body"
46484343,1,157258588,2,"2017-09-29 08:01:13",5763774,"",""
46484343,1,157275945,5,"2017-09-29 12:19:06",5763774,"","added cod snippet, provided explanation"
46484343,1,157276398,5,"2017-09-29 12:26:13",5763774,"","edited method name mismatch"
46484343,1,157282827,5,"2017-09-29 13:58:19",5763774,"","added 73 characters in body"
25079806,1,157299748,5,"2017-09-29 18:04:00",4157124,"","Adjusted formatting. Reworded (for brevity). Removed tags [regex] and [levenshtein-distance]; unrelated (specifically)."
46510498,1,157375598,2,"2017-10-01 08:17:33",552629,"",""
46510498,1,157386043,5,"2017-10-01 13:41:34",552629,"","deleted 3494 characters in body"
46510498,1,157392282,5,"2017-10-01 16:32:40",552629,"","deleted 123 characters in body"
46618944,1,157822043,2,"2017-10-07 10:00:01",3357136,"",""
47003722,1,159414252,2,"2017-10-29 18:27:08",7585772,"",""
47026901,1,159508639,2,"2017-10-31 02:12:51",4818123,"",""
47026901,1,159508687,5,"2017-10-31 02:15:09",2143128,"","tag and title"
47026901,1,159511028,5,"2017-10-31 03:30:07",4818123,"","added 634 characters in body"
47026901,1,159511298,5,"2017-10-31 03:37:58",4818123,"","added 634 characters in body"
47026901,1,159513144,5,"2017-10-31 04:36:11",4818123,"","added 4 characters in body"
47026901,1,159525625,5,"2017-10-31 08:42:00",4818123,"","added 2 characters in body"
47357710,1,160872105,2,"2017-11-17 19:12:36",4832889,"",""
47357710,1,160873071,5,"2017-11-17 19:27:57",6048114,"","format code text"
47507464,1,161507142,2,"2017-11-27 09:22:22",9013573,"",""
47507464,1,161508185,5,"2017-11-27 09:34:44",9013573,"","edited body"
47835960,1,162878176,2,"2017-12-15 16:05:15",2993018,"",""
47835960,1,162878924,5,"2017-12-15 16:15:40",2993018,"","added 164 characters in body"
45118380,1,163550589,5,"2017-12-27 12:29:34",3995261,"","deleted 26 characters in body; edited tags"
48114152,1,164061244,2,"2018-01-05 12:58:34",9177460,"",""
48114152,1,164066898,5,"2018-01-05 14:23:16",1464444,"","deleted 89 characters in body"
48332715,1,164976305,2,"2018-01-19 01:09:05",9237722,"",""
48342493,1,165015681,2,"2018-01-19 13:43:11",5549921,"",""
48342493,1,165016315,5,"2018-01-19 13:54:14",5549921,"","deleted 90 characters in body"
48342493,1,165016766,5,"2018-01-19 14:00:33",5549921,"","added back in original errors to keep up with the answers"
48332715,1,165017493,5,"2018-01-19 14:10:48",8422953,"","added 174 characters in body; edited title"
48449669,1,165464338,2,"2018-01-25 18:34:40",9079791,"",""
48449669,1,165470521,5,"2018-01-25 20:19:04",9079791,"","added 23 characters in body"
48449669,1,165471096,5,"2018-01-25 20:29:55",9079791,"","deleted 165 characters in body"
48570057,1,165965524,2,"2018-02-01 19:07:10",6320162,"",""
48570057,1,165969039,5,"2018-02-01 20:08:09",6320162,"","added 24 characters in body"
48570057,1,165969279,5,"2018-02-01 20:11:42",547779,"","some little formatting fixes"
48570057,1,165969291,5,"2018-02-01 20:11:52",6320162,"","added 24 characters in body"
48570057,1,166011726,5,"2018-02-02 11:09:25",1859305,"","Fixed formatting."
48706579,1,166532106,2,"2018-02-09 13:06:22",729513,"",""
48706579,1,166532551,5,"2018-02-09 13:12:42",729513,"","Equivalent calls with btmgmt"
48804558,1,166944299,2,"2018-02-15 10:08:50",1239781,"",""
48804558,1,166945857,5,"2018-02-15 10:26:17",2319407,"","added 9 characters in body; edited tags"
49065012,1,168034798,2,"2018-03-02 08:05:28",431561,"",""
49065012,1,168035007,5,"2018-03-02 08:09:20",431561,"","deleted 32 characters in body"
49414722,1,169508716,2,"2018-03-21 19:07:29",9530698,"",""
49414722,1,169508741,5,"2018-03-21 19:07:52",1279683,"","added 19 characters in body"
49441183,1,169616483,2,"2018-03-23 01:49:05",5967578,"",""
49441183,1,169626401,5,"2018-03-23 06:18:14",5967578,"","Added code for clarity"
49447883,1,169644423,2,"2018-03-23 10:45:15",9484349,"",""
49447883,1,169840837,5,"2018-03-26 13:04:33",9484349,"","edited my progress"
49511522,1,169919389,2,"2018-03-27 11:18:27",1675509,"",""
49447883,1,169949836,5,"2018-03-27 17:23:25",8815365,"","Changed a bit to clarify."
49511522,1,170011664,5,"2018-03-28 12:06:04",1675509,"","added 113 characters in body"
49593740,1,170268997,2,"2018-04-01 00:34:36",6776510,"",""
49593740,1,170280460,5,"2018-04-01 08:57:31",7248342,"","added 17 characters in body"
49593740,1,170323792,5,"2018-04-02 07:02:35",7254781,"","edited body"
49676981,1,170611786,2,"2018-04-05 16:13:44",9502376,"",""
49676981,1,170612212,5,"2018-04-05 16:19:18",519413,"","deleted 18 characters in body"
49707610,1,170748715,2,"2018-04-07 12:58:44",6524134,"",""
49902560,1,171566170,2,"2018-04-18 14:38:56",5869845,"",""
19748769,1,172166027,5,"2018-04-26 14:28:10",4892907,"","proper code formatting"
40030027,1,172887408,5,"2018-05-07 13:31:07",472495,"","Fix spelling, trim chat"
50421867,1,173753106,2,"2018-05-19 04:48:03",9814554,"",""
50421867,1,173755569,5,"2018-05-19 05:23:26",8990367,"","improved formatting"
50421867,1,173757896,5,"2018-05-19 06:52:20",5694847,"","snippet added"
50472574,1,173966099,2,"2018-05-22 16:33:11",9829816,"",""
50523606,1,174174391,2,"2018-05-25 07:22:00",9845110,"",""
50652528,1,174713629,2,"2018-06-02 00:42:12",1158405,"",""
50652528,1,174713892,5,"2018-06-02 00:49:53",1158405,"","edited title"
50652528,1,174714215,5,"2018-06-02 01:16:24",1158405,"","added 2 characters in body"
50701552,1,174928714,2,"2018-06-05 13:38:39",3741171,"",""
50799682,1,175343591,2,"2018-06-11 14:06:56",2072891,"",""
51053098,1,176401217,2,"2018-06-27 00:48:42",246886,"",""
51053098,1,176403201,5,"2018-06-27 02:12:53",246886,"","added 126 characters in body"
51053098,1,176426925,5,"2018-06-27 09:44:58",246886,"","added 121 characters in body"
51114427,1,176658603,2,"2018-06-30 11:20:02",9253651,"",""
51283631,1,177410499,2,"2018-07-11 10:52:24",8024455,"",""
51283631,1,177410874,5,"2018-07-11 10:56:12",8024455,"","improved formatting"
51283631,1,177411892,5,"2018-07-11 11:07:58",8024455,"","added 324 characters in body"
2076299,1,177968128,5,"2018-07-19 08:39:28",2422125,"","added articles to make the text more easy to read"
51626499,1,178838377,2,"2018-08-01 06:16:35",4088046,"",""
51626499,1,178846801,5,"2018-08-01 08:21:07",7980014,"","Modified code"
51748818,1,179346259,2,"2018-08-08 14:11:05",6731368,"",""
